id,titulo,imagen,imagenes,categoria_id,categoria_nombre,subcategoria_id,subcategoria_nombre,producto_descripcion,precio
K-CAT-CHAF-DLX-RA2301A,CHAFER DELUXE RECTANGULAR DE 9LTS,https://kossino.com/wp-content/uploads/2024/01/E1104.webp,,BANQUETES,BANQUETES,BANQUETES,BANQUETES,"MATERIAL: Acero inoxidable

CAPACIDAD: 9lts",1600
CAT-CHAF-DLX-RA2101B,CHAFER DELUXE REDONDO DE 6LTS,https://kossino.com/wp-content/uploads/2024/01/roll-top-round-chafer-600x600.jpg,,BANQUETES,BANQUETES,BANQUETES,BANQUETES,"MATERIAL: Acero inoxidable

CAPACIDAD: 6lts",1250
K-CAT-CHAF-ECO-WH433B,CHAFER DELUXE REDONDO DE 6LTS,https://kossino.com/wp-content/uploads/2024/01/WhatsApp-Image-2024-04-01-at-9.03.01-PM.jpeg,,BANQUETES,BANQUETES,BANQUETES,BANQUETES,"MATERIAL: Acero inoxidable

CAPACIDAD: 9lts",450
K-CAT-CHAF-REP-GAS,RECIPIENTE PARA LATA DE GAS,https://kossino.com/wp-content/uploads/2024/01/CDB0002-1-1.jpg,,BANQUETES,BANQUETES,BANQUETES,BANQUETES,MATERIAL: Acero inoxidable,40
K-BAR-MAT-MINI-12X12,MAT MODULAR CUADRADO DE 12X12″,https://kossino.com/wp-content/uploads/2024/11/1828990.webp,,BAR,BAR,ACCESORIOS_PARA_BARRA,ACCESORIOS PARA BARRA,"MEDIDAS: 12X12″ / 30X30cm

MATERIAL: TPR",45
K-BAR-ORGANIZADOR-4DIV,ORGANIZADOR DE 4 ESPACIOS,https://kossino.com/wp-content/uploads/2023/01/17004-2.jpg,,BAR,BAR,ACCESORIOS_PARA_BARRA,ACCESORIOS PARA BARRA,"MEDIDAS: 50 X 16 X 9CM

MATERIAL: Policarbonato + Plastico + ABS",199
K-BAR-CADDY,CADDY PARA BARRA,https://kossino.com/wp-content/uploads/2023/01/2360634.webp,,BAR,BAR,ACCESORIOS_PARA_BARRA,ACCESORIOS PARA BARRA,"MEDIDAS: 24 X 15 X 10.5CM

MATERIAL: ABS",50
K-BAR-ESCARCHAR-3DIV,ESCARCHADOR DE 3 DIVISIONES,https://kossino.com/wp-content/uploads/2023/01/2269812.webp,,BAR,BAR,ACCESORIOS_PARA_BARRA,ACCESORIOS PARA BARRA,"MEDIDAS: 20 X 16 X 7CM

MATERIAL: ABS",79
K-BAR-ESCARCHAR-ESPONJA,ESPONJA PARA ESCARCHADOR,https://kossino.com/wp-content/uploads/2025/04/2085249.webp,,BAR,BAR,ACCESORIOS_PARA_BARRA,ACCESORIOS PARA BARRA,MEDIDA: 14.5cm diametro,10
K-BAR-COLGADOR-AZUL,COLGADOR DE BOTELLAS AZUL (5 UNIDADES),https://kossino.com/wp-content/uploads/2023/12/s-l1200-1-600x600.jpg,,BAR,BAR,ACCESORIOS_PARA_BARRA,ACCESORIOS PARA BARRA,"MEDIDAS: 6 X 4 X 8.8cm

MATERIAL: Plástico",75
K-BAR-COLGADOR-MORADO,COLGADOR DE BOTELLAS ROSADO (5 UNIDADES),https://kossino.com/wp-content/uploads/2023/12/716746400_max-600x600.jpg,,BAR,BAR,ACCESORIOS_PARA_BARRA,ACCESORIOS PARA BARRA,"MEDIDAS: 6 X 4 X 8.8cm

MATERIAL: Plástico",75
K-BAR-COLGADOR-NARANJA,COLGADOR DE BOTELLAS NARANJA (5 UNIDADES),https://kossino.com/wp-content/uploads/2023/12/716746400_max.jpg,,BAR,BAR,ACCESORIOS_PARA_BARRA,ACCESORIOS PARA BARRA,"MEDIDAS: 6 X 4 X 8.8cm

MATERIAL: Plástico",75
K-BAR-COLGADOR-BLANCO,COLGADOR DE BOTELLAS BLANCO,https://kossino.com/wp-content/uploads/2023/12/716746400_max.jpg,,BAR,BAR,ACCESORIOS_PARA_BARRA,ACCESORIOS PARA BARRA,"MEDIDAS: 6 X 4 X 8.8cm

MATERIAL: Plástico",75
K-BAR-COLGADOR-VERDE,COLGADOR DE BOTELLAS VERDE,https://kossino.com/wp-content/uploads/2023/12/716746400_max-600x600.jpg,,BAR,BAR,ACCESORIOS_PARA_BARRA,ACCESORIOS PARA BARRA,"MEDIDAS: 6 X 4 X 8.8cm

MATERIAL: Plástico",75
K-BAR-MAT-CUAD-45X31,BAR MAT CUADRADO DE 45X31CM,https://kossino.com/wp-content/uploads/2023/01/Facmogu-Heavy-Duty-Bar-Mat-2-600x600.jpg,,BAR,BAR,ACCESORIOS_PARA_BARRA,ACCESORIOS PARA BARRA,"MEDIDAS: 45 X 31 X 1CM

MATERIAL: PVC",99
K-BAR-MAT-SLIM-SHORT,BAR MAT SLIM DE 62X9CM,https://kossino.com/wp-content/uploads/2023/01/71306_large-1.jpg,,BAR,BAR,ACCESORIOS_PARA_BARRA,ACCESORIOS PARA BARRA,"MEDIDAS: 62 X 9 X 2.2CM

MATERIAL: PVC",49
 K-BAR-MAT-SLIM-LARGE,BAR MAT SLIM DE 69X8.5CM,https://kossino.com/wp-content/uploads/2023/01/barconic-barmat-scene1_512x512.webp,,BAR,BAR,ACCESORIOS_PARA_BARRA,ACCESORIOS PARA BARRA,"MEDIDAS: 69 X 8.5 X 1.6CM

MATERIAL: PVC",59
K-BAR-MIXER-0.5L-AMA,BOTELLA MIXER AMARILLA DE 0.5L,https://kossino.com/wp-content/uploads/2023/01/H0625695acec444ff9f51f66ad0cbb1007.jpg_-600x600.webp,,BAR,BAR,ACCESORIOS_PARA_BARRA,ACCESORIOS PARA BARRA,"ALTURA: 23CM

CAPACIDAD: 0.5 litros

MATERIAL: Plastico y poliestireno",29
K-BAR-MIXER-0.5L-1-1,BOTELLA MIXER NARANJA DE 0.5L,https://kossino.com/wp-content/uploads/2024/11/orange-juice-pourer-cleancopy_700x700-600x600.webp,,BAR,BAR,ACCESORIOS_PARA_BARRA,ACCESORIOS PARA BARRA,"ALTURA: 23CM

CAPACIDAD: 0.5 litros

MATERIAL: Plastico y poliestireno",29
K-BAR-MIXER-0.5L-ROJO,BOTELLA MIXER ROJA DE 0.5L,https://kossino.com/wp-content/uploads/2024/11/red-correct-juice-pourer-cleancopy_700x700-600x600.webp,,BAR,BAR,ACCESORIOS_PARA_BARRA,ACCESORIOS PARA BARRA,"ALTURA: 23CM

CAPACIDAD: 0.5 litros

MATERIAL: Plastico y poliestireno",29
K-BAR-MIXER-0.5L-VERDE,BOTELLA MIXER VERDE DE 0.5L,https://kossino.com/wp-content/uploads/2024/11/images-2.jpeg,,BAR,BAR,ACCESORIOS_PARA_BARRA,ACCESORIOS PARA BARRA,"ALTURA: 23CM

CAPACIDAD: 0.5 litros

MATERIAL: Plastico y poliestireno",29
K-BAR-MIXER-1L-AMA,BOTELLA MIXER AMARILLA DE 1L,https://kossino.com/wp-content/uploads/2024/11/770616-Photoroom.png,,BAR,BAR,ACCESORIOS_PARA_BARRA,ACCESORIOS PARA BARRA,"ALTURA: 26CM

CAPACIDAD: 1.0 litros

MATERIAL: Plastico y poliestireno",35
K-BAR-MIXER-1L-CAFÉ,BOTELLA MIXER CAFE DE 1L,https://kossino.com/wp-content/uploads/2024/11/770323-removebg-preview.png,,BAR,BAR,ACCESORIOS_PARA_BARRA,ACCESORIOS PARA BARRA,"ALTURA: 26CM

CAPACIDAD: 1.0 litros

MATERIAL: Plastico y poliestireno",35
K-BAR-MIXER-1L-NAR,BOTELLA MIXER NARANJA DE 1L,https://kossino.com/wp-content/uploads/2024/11/41itA-Rj2PL-600x600.jpg,,BAR,BAR,ACCESORIOS_PARA_BARRA,ACCESORIOS PARA BARRA,"ALTURA: 26CM

CAPACIDAD: 1.0 litros

MATERIAL: Plastico y poliestireno",35
K-BAR-MIXER-1L-ROJO,BOTELLA MIXER ROJA DE 1L,https://kossino.com/wp-content/uploads/2023/01/770461-removebg-preview.png,,BAR,BAR,ACCESORIOS_PARA_BARRA,ACCESORIOS PARA BARRA,"ALTURA: 26CM

CAPACIDAD: 1.0 litros

MATERIAL: Plastico y poliestireno",35
K-BAR-MIXER-1L-VERDE,BOTELLA MIXER VERDE DE 1L,https://kossino.com/wp-content/uploads/2024/11/770371-removebg-preview.png,,BAR,BAR,ACCESORIOS_PARA_BARRA,ACCESORIOS PARA BARRA,"ALTURA: 26CM

CAPACIDAD: 1.0 litros

MATERIAL: Plastico y poliestireno",35
K-BAR-MIXER-2L-AMA,BOTELLA MIXER AMARILLA DE 2L,https://kossino.com/wp-content/uploads/2023/01/RWT0496Y-1-LR-600x600.webp,,BAR,BAR,ACCESORIOS_PARA_BARRA,ACCESORIOS PARA BARRA,"ALTURA: 35CM

CAPACIDAD: 2.0 litros

MATERIAL: Plastico y poliestireno",45
K-BAR-MIXER-2L-NAR,BOTELLA MIXER NARANJA DE 2L,https://kossino.com/wp-content/uploads/2024/11/RWT0496T-1-LR-600x600.webp,,BAR,BAR,ACCESORIOS_PARA_BARRA,ACCESORIOS PARA BARRA,"ALTURA: 35CM

CAPACIDAD: 2.0 litros

MATERIAL: Plastico y poliestireno",45
K-BAR-MIXER-2L-ROJO,BOTELLA MIXER ROJA DE 2L,https://kossino.com/wp-content/uploads/2024/11/RWT0496R-1-LR-600x600.webp,,BAR,BAR,ACCESORIOS_PARA_BARRA,ACCESORIOS PARA BARRA,"ALTURA: 35CM

CAPACIDAD: 2.0 litros

MATERIAL: Plastico y poliestireno",45
K-CFT-KNOCKBOX,BAGACERA KNOCKBOX CON PROTECCIÓN DE HULE Y BARRA CENTRAL,https://kossino.com/wp-content/uploads/2025/05/rw_25110_800x-600x600.webp,,CAFÉ_Y_TE,CAFÉ Y TÉ ,ACCESORIOS PARA BARISTAS,ACCESORIOS PARA BARISTAS,"Esta bagacera, conocida como knockbox, está diseñada especialmente para cafeterías y profesionales del café. Cuenta con una barra central resistente que permite golpear el portafiltro y expulsar el bagazo de café usado de manera rápida y limpia.",299
K-CFT-KNOCKBOX-BARRA,REPUESTO DE HULE PARA BARRA CENTRAL DE KNOCKBOX,https://kossino.com/wp-content/uploads/2025/05/rw25901_800x-600x600.webp,,CAFÉ_Y_TE,CAFÉ Y TÉ ,ACCESORIOS PARA BARISTAS,ACCESORIOS PARA BARISTAS,El repuesto de hule para la barra central del knockbox es un accesorio indispensable para mantener la eficiencia y durabilidad de tu bagacera.,55
K-CFT-KNOCKBOX-ORILLA,PROTECCIÓN DE HULE PARA ORILLA DE KNOCKBOX,https://kossino.com/wp-content/uploads/2025/05/epkb665_cg3_687669e1-a8e0-4087-91c5-cf0c22bf3640_1600x-600x600.webp,,CAFÉ_Y_TE,CAFÉ Y TÉ ,ACCESORIOS PARA BARISTAS,ACCESORIOS PARA BARISTAS,La protección de hule para orilla de knockbox es un accesorio esencial para baristas que buscan prolongar la vida útil de su bagacera y mantener la estación de café segura y limpia.,65
K-UTEN-SCOOP-ICE-12OZ,CUCHARÓN CUADRADO CON AGARRADOR – 12OZ BEIGE,https://kossino.com/wp-content/uploads/2025/10/K-UTEN-SCOOP-ICE-12OZ.webp,,CAFÉ_Y_TE,CAFÉ Y TÉ ,ACCESORIOS PARA BARISTAS,ACCESORIOS PARA BARISTAS,"Fabricado en material resistente y duradero, permite un manejo cómodo y confiable en restaurantes, cafeterías, servicios de catering y cocinas profesionales.",45
K-UTEN-SCOOP-ICE-16OZ,CUCHARÓN CUADRADO CON AGARRADOR – 16OZ CAFÉ,https://kossino.com/wp-content/uploads/2025/10/K-UTEN-SCOOP-ICE-16OZ-1.webp,,CAFÉ_Y_TE,CAFÉ Y TÉ ,ACCESORIOS PARA BARISTAS,ACCESORIOS PARA BARISTAS,"Fabricado en material resistente y duradero, permite un manejo cómodo y confiable en restaurantes, cafeterías, servicios de catering y cocinas profesionales.",45
K-ACC-PUMP-JARABE,PUMP PARA JARABES DE 36CM,https://kossino.com/wp-content/uploads/2024/11/3947-600x600.webp,,CAFÉ_Y_TE,CAFÉ Y TÉ ,ACCESORIOS PARA BARISTAS,ACCESORIOS PARA BARISTAS,"Su longitud de 36cm permite adaptarse fácilmente a botellas de jarabe de distintos tamaños, garantizando una dosificación limpia y eficiente.",29
K-ACC-PUMP-SIROPE,PUMP PARA SIROPE DE 15ML POR PRESIÓN,https://kossino.com/wp-content/uploads/2025/10/K-ACC-PUMP-SIROPE.webp,,CAFÉ_Y_TE,CAFÉ Y TÉ ,ACCESORIOS PARA BARISTAS,ACCESORIOS PARA BARISTAS,"Permite servir 15ml exactos por cada presión, garantizando una aplicación precisa, limpia y uniforme en cafeterías, restaurantes y barras de postres",65
K-LIMP-TOALLA-30X30,TOALLA DE MICROFIBRA 30X30,https://kossino.com/wp-content/uploads/2023/12/12_bl1_barista_towel_black.jpg,,CAFÉ_Y_TE,CAFÉ Y TÉ ,ACCESORIOS PARA BARISTAS,ACCESORIOS PARA BARISTAS,"MEDIDAS: 30 x 30cm

MATERIAL: Microfibra",25
K-ACC-TERM-CAFÉ,TERMÓMETRO PARA CAFÉ,https://kossino.com/wp-content/uploads/2023/12/Cafe-2-600x600.webp,,CAFÉ_Y_TE,CAFÉ Y TÉ ,ACCESORIOS PARA BARISTAS,ACCESORIOS PARA BARISTAS,"MEDIDAS: 4.5 X 12.7cm

MATERIAL: Dial – Acero inox. 430 / Probeta – Acero inox. 304

PESO: 23g

RANGO: Hasta 110 °C",35
K-CFT-TAMPER-58MM,TAMPER DE 58MM,https://kossino.com/wp-content/uploads/2023/12/51ie3hZJr5L-600x600.jpg,,CAFÉ_Y_TE,CAFÉ Y TÉ ,ACCESORIOS PARA BARISTAS,ACCESORIOS PARA BARISTAS,"MEDIDAS: 58mm

MATERIAL: Acero inoxidable",179
K-CFT-NIVELADOR-58MM,NIVELADOR DE 58MM,https://kossino.com/wp-content/uploads/2023/12/images-1.jpg,,CAFÉ_Y_TE,CAFÉ Y TÉ ,ACCESORIOS PARA BARISTAS,ACCESORIOS PARA BARISTAS,"MEDIDAS: 58mm

MATERIAL: Acero inoxidable",199
 K-CFT-MAT-SINGLE,MAT SENCILLO PARA COMPACTAR,https://kossino.com/wp-content/uploads/2023/12/4c4debdd0e718adf75ad6c934cf90899a6d0a0ac_La_Pavoni_LPTAMPMAT_Hero3-600x600.jpg,,CAFÉ_Y_TE,CAFÉ Y TÉ ,ACCESORIOS PARA BARISTAS,ACCESORIOS PARA BARISTAS,"MEDIDAS: 14 X 12.8 X 3.8cm

MATERIAL: Silicón",79
K-CFT-MAT-DOBLE,MAT DOBLE PARA COMPACTAR,https://kossino.com/wp-content/uploads/2023/12/99cbf236-c071-4350-8df2-0cc90d55f702.9e53a85f394307a79d34b94ac9c17d99-300x300.webp,,CAFÉ_Y_TE,CAFÉ Y TÉ ,ACCESORIOS PARA BARISTAS,ACCESORIOS PARA BARISTAS,"MEDIDAS: 20.5 X 15 X 3.5cm

MATERIAL: Silicón",129
K-CFT-SHOT-2OZ,SHOT CON MEDIDAS,https://kossino.com/wp-content/uploads/2023/12/Measuringshotglass_grande.webp,,CAFÉ_Y_TE,CAFÉ Y TÉ ,ACCESORIOS PARA BARISTAS,ACCESORIOS PARA BARISTAS,"MEDIDAS: 2 onzas

MATERIAL: Vidrio",34
K-UTEN-PESA-GRAMERA,PESA GRAMERA CON TEMPORIZADOR,https://kossino.com/wp-content/uploads/2025/09/pesa-gramera-con-termporizador-600x600.webp,,CAFÉ_Y_TE,CAFÉ Y TÉ ,ACCESORIOS PARA BARISTAS,ACCESORIOS PARA BARISTAS,"Medición en gramos, onzas y mililitros.

Exactitud de 0.1 g.

Temporizador integrado.
",119
K-CFT-BROCHA,BROCHA DE LIMPIEZA,https://kossino.com/wp-content/uploads/2023/12/Cleaning_Brush_Espresso_Coffee_Machine_Head_Group_0112-01_1024x1024.webp,,CAFÉ_Y_TE,CAFÉ Y TÉ ,ACCESORIOS PARA BARISTAS,ACCESORIOS PARA BARISTAS,"MEDIDAS: 12cm

MATERIAL: Plástico",34
K-CFT-ESPUMAR,ESPUMADOR ELÉCTRICO,https://kossino.com/wp-content/uploads/2023/12/16512208254e5c3170675dcb6d0f6e150215eaeaee_thumbnail_750x-600x799.webp,,CAFÉ_Y_TE,CAFÉ Y TÉ ,ACCESORIOS PARA BARISTAS,ACCESORIOS PARA BARISTAS,"MEDIDAS: 21 X 5 X 3cm

MATERIAL: Acero inoxidable + ABS

*No incluye baterías",29
K-CFT-LATTEART-PEN,LAPICERO PARA LATTE ART,https://kossino.com/wp-content/uploads/2023/12/oaRvrMVj1ZfYDeKCG4W0_84.jpg,,CAFÉ_Y_TE,CAFÉ Y TÉ ,ACCESORIOS PARA BARISTAS,ACCESORIOS PARA BARISTAS,"MEDIDAS: 13.5cm

MATERIAL: Acero inoxidable",24
K-CFT-SCOOP,SCOOP PARA CAFÉ,https://kossino.com/wp-content/uploads/2023/12/images-2.jpg,,CAFÉ_Y_TE,CAFÉ Y TÉ ,ACCESORIOS PARA BARISTAS,ACCESORIOS PARA BARISTAS,"MEDIDAS: 9 X 3.5cm

MATERIAL: Plástico",29
K-DISPEN-JARRA-SS-90ML,JARRA CREMERA DE ACERO 3OZ,https://kossino.com/wp-content/uploads/2023/01/399094.webp,,CAFÉ_Y_TE,CAFÉ Y TÉ ,JARRAS,JARRAS,"La jarra cremera de acero de 3oz es ideal para servir leche, crema o salsas en pequeñas porciones.",24
K-DISPEN-JARRA-POR-3OZ,JARRA CREMERA DE PORCELANA 3OZ,https://kossino.com/wp-content/uploads/2025/10/1005041-removebg-preview.png,,CAFÉ_Y_TE,CAFÉ Y TÉ ,JARRAS,JARRAS,"La jarra cremera de porcelana de 3oz es ideal para servir leche, crema o acompañamientos líquidos en porciones pequeñas",19
K-DISPEN-KETTLE-1LT,JARRA DE 1 LITRO CON CUELLO DE GANSO,https://kossino.com/wp-content/uploads/2025/09/jarra-cuello-de-ganso-1lt-600x600.webp,,CAFÉ_Y_TE,CAFÉ Y TÉ ,JARRAS,JARRAS,La jarra cuello de ganso 1 litro es ideal para preparar café de especialidad con precisión,155
K-DISPEN-JARRA-MED-360ML,JARRA LECHERA CON MEDIDAS DE 12OZ,https://kossino.com/wp-content/uploads/2025/04/K-DISPEN-JARRA-MED-360ML-2.jpg,,CAFÉ_Y_TE,CAFÉ Y TÉ ,JARRAS,JARRAS,"CAPACIDAD: 360ml / 12OZ

MATERIAL: Acero inoxidable 201",79
K-DISPEN-JARRA-MED-600ML,JARRA LECHERA CON MEDIDAS DE 20OZ,https://kossino.com/wp-content/uploads/2023/12/51Fdb70omeL._AC_UF10001000_QL80_-600x605.jpg,,CAFÉ_Y_TE,CAFÉ Y TÉ ,JARRAS,JARRAS,"CAPACIDAD: 600ml / 20OZ

PESO: 211g

MATERIAL: Acero inoxidable 201",99
K-DISPEN-JARRA-MED-1000ML,JARRA LECHERA CON MEDIDAS DE 34OZ,https://kossino.com/wp-content/uploads/2025/04/K-DISPEN-JARRA-MED-1000ML-1.webp,,CAFÉ_Y_TE,CAFÉ Y TÉ ,JARRAS,JARRAS,"CAPACIDAD: 1000ml / 32OZ

MATERIAL: Acero inoxidable 201",119
K-COOK-SS-SARTEN-TEF-10,SARTÉN CON TEFLÓN DE 10PLG,https://kossino.com/wp-content/uploads/2024/04/2634801.jpg,,COCCION,COCCIÓN , ACERO INOXIDABLE, ACERO INOXIDABLE,"MATERIAL: Acero inoxidable y teflón

MEDIDAS: 10 pulgadas",250
K-COOK-SS-SARTEN-TEF-12,SARTÉN CON TEFLÓN DE 12PLG,https://kossino.com/wp-content/uploads/2024/04/2634801.jpg,,COCCION,COCCIÓN , ACERO INOXIDABLE, ACERO INOXIDABLE,"MATERIAL: Acero inoxidable y teflón

MEDIDAS: 12 pulgadas",375
K-COOK-SS-SARTEN-TEF-8,SARTÉN CON TEFLÓN DE 8PLG,https://kossino.com/wp-content/uploads/2024/04/2634801.jpg,,COCCION,COCCIÓN , ACERO INOXIDABLE, ACERO INOXIDABLE,"MATERIAL: Acero inoxidable y teflón

MEDIDAS: 8 pulgadas",190
K-COOK-SS-SARTEN-8,SARTÉN DE 8PLG,https://kossino.com/wp-content/uploads/2024/01/2159426.jpg,,COCCION,COCCIÓN , ACERO INOXIDABLE, ACERO INOXIDABLE,"MATERIAL: Acero inoxidable

MEDIDAS: 8 pulgadas",195
K-COOK-SS-SARTEN-10,SARTÉN DE 10PLG,https://kossino.com/wp-content/uploads/2024/01/2159426.jpg,,COCCION,COCCIÓN , ACERO INOXIDABLE, ACERO INOXIDABLE,"MATERIAL: Acero inoxidable

MEDIDAS: 10 pulgadas",245
K-COOK-SS-SARTEN-12,SARTÉN DE 12PLG,https://kossino.com/wp-content/uploads/2024/01/2140477.jpg,,COCCION,COCCIÓN , ACERO INOXIDABLE, ACERO INOXIDABLE,"MATERIAL: Acero inoxidable

MEDIDAS: 12 pulgadas",375
K-COOK-SS-SALSA-2QT,OLLA SALSERA DE 2 QUARTOS,https://kossino.com/wp-content/uploads/2024/01/2150167.jpg,,COCCION,COCCIÓN , ACERO INOXIDABLE, ACERO INOXIDABLE,"MATERIAL: Acero inoxidable

CAPACIDAD: 2 quartos / 1.9lts",195
K-COOK-SS-SALSA-4QT,OLLA SALSERA DE 4 QUARTOS,https://kossino.com/wp-content/uploads/2024/01/2165145.jpg,,COCCION,COCCIÓN , ACERO INOXIDABLE, ACERO INOXIDABLE,"MATERIAL: Acero inoxidable

CAPACIDAD: 4 quartos / 3.8lts",275
K-COOK-SS-SALSA-6.5QT,OLLA SALSERA DE 6.5 QUARTOS,https://kossino.com/wp-content/uploads/2024/01/2166216.jpg,,COCCION,COCCIÓN , ACERO INOXIDABLE, ACERO INOXIDABLE,"MATERIAL: Acero inoxidable

CAPACIDAD: 6.5 quartos / 6.2lts",345
K-COOK-SS-SALSA-10QT,OLLA SALSERA DE 10 QUARTOS,https://kossino.com/wp-content/uploads/2024/01/2166216.jpg,,COCCION,COCCIÓN , ACERO INOXIDABLE, ACERO INOXIDABLE,"MATERIAL: Acero inoxidable

CAPACIDAD: 10 quartos / 9.6lts",495
K-COOK-SS-OLLA-8L,OLLA DE 8 LITROS,https://kossino.com/wp-content/uploads/2024/01/2143828-300x300.jpg,,COCCION,COCCIÓN , ACERO INOXIDABLE, ACERO INOXIDABLE,"MATERIAL: Acero inoxidable

CAPACIDAD: 8lts",335
K-COOK-SS-OLLA-12L,OLLA DE 12 LITROS,https://kossino.com/wp-content/uploads/2024/01/2143828.jpg,,COCCION,COCCIÓN , ACERO INOXIDABLE, ACERO INOXIDABLE,"MATERIAL: Acero inoxidable

CAPACIDAD: 12lts",575
K-COOK-SS-OLLA-18L,OLLA DE 18 LITROS,https://kossino.com/wp-content/uploads/2024/01/2226366.jpg,,COCCION,COCCIÓN , ACERO INOXIDABLE, ACERO INOXIDABLE,"MATERIAL: Acero inoxidable

CAPACIDAD: 18lts
",645
K-COOK-SS-OLLA-32L,OLLA DE 32 LITROS,https://kossino.com/wp-content/uploads/2024/01/2223751.jpg,,COCCION,COCCIÓN , ACERO INOXIDABLE, ACERO INOXIDABLE,"MATERIAL: Acero inoxidable

CAPACIDAD: 32lts",795
K-COOK-IRON-PLANCHA-50X23,PLANCHA DOBLE LADO DE 50X23CM,https://kossino.com/wp-content/uploads/2025/05/2516135.webp,,COCCION,COCCIÓN ,HIERRO FUNDIDO,HIERRO FUNDIDO,"Esta plancha doble cara de 50×23 cm está fabricada en hierro fundido de alta resistencia,",245
K-COOK-IRON-SARTEN-6,SARTÉN DE 6PLG,https://kossino.com/wp-content/uploads/2023/12/230115_PDP_CastIron_Product_Overview_Img2-1x-700x467-1-600x400.jpeg,,COCCION,COCCIÓN ,HIERRO FUNDIDO,HIERRO FUNDIDO,"MEDIDAS: 16 x 3cm / 6 pulgadas

MATERIAL: Hierro fundido",85
K-COOK-IRON-SARTEN-8,SARTÉN DE 8PLG,https://kossino.com/wp-content/uploads/2023/12/230115_PDP_CastIron_Product_Overview_Img2-1x-700x467-1-600x400.jpeg,,COCCION,COCCIÓN ,HIERRO FUNDIDO,HIERRO FUNDIDO,"MEDIDAS: 20 x 3.5cm / 8 pulgadas

MATERIAL: Hierro fundido",125
K-COOK-IRON-SARTEN-10,SARTÉN DE 10PLG,https://kossino.com/wp-content/uploads/2023/12/230115_PDP_CastIron_Product_Overview_Img2-1x-700x467-1.jpeg,,COCCION,COCCIÓN ,HIERRO FUNDIDO,HIERRO FUNDIDO,"MEDIDAS: 26 x 4cm / 10 pulgadas

MATERIAL: Hierro fundido",150
 K-COOK-IRON-WOK-13,WOK DE 13PLG,https://kossino.com/wp-content/uploads/2023/12/images-1-2.jpg,,COCCION,COCCIÓN ,HIERRO FUNDIDO,HIERRO FUNDIDO,"MEDIDA: 33 X 9cm

MATERIAL: Hierro fundido",275
K-COOK-IRON-PRENSA,PRENSA DE HIERRO FUNDIDO,https://kossino.com/wp-content/uploads/2023/12/6b536a740154460d9769d9a7dd487605-300x300.jpeg,,COCCION,COCCIÓN ,HIERRO FUNDIDO,HIERRO FUNDIDO,"MEDIDAS: 20 X 10.5 X 1cm

MATERIAL: Hierro fundido con mango de madera",75
K-COOK-IRON-MANGO,MANGO DE SILICÓN PARA SARTÉN,https://kossino.com/wp-content/uploads/2023/12/80131654ANM006G-600x600.png,,COCCION,COCCIÓN ,HIERRO FUNDIDO,HIERRO FUNDIDO,MATERIAL: Silicón,20
K-DES-ALU-RE150-TAPA,TAPA PARA BANDEJA RECTANGULAR DE 1LB (100 UNIDADES),https://kossino.com/wp-content/uploads/2025/05/2900186-1lb.webp,,DESECHABLES_Y_CONSUMIBLES,DESECHABLES Y CONSUMIBLES,ALUMINIO,ALUMINIO,TAPA PARA BANDEJA RECTANGULAR DE 1LB (100 UNIDADES),25
K-DES-ALU-RE185-TAPA,TAPA PARA BANDEJA RECTANGULAR DE 1.5LB (100 UNIDADES),https://kossino.com/wp-content/uploads/2025/05/2900185-1.5lb.webp,,DESECHABLES_Y_CONSUMIBLES,DESECHABLES Y CONSUMIBLES,ALUMINIO,ALUMINIO,TAPA PARA BANDEJA RECTANGULAR DE 1.5LB (100 UNIDADES),50
K-DES-ALU-RE195D-TAPA,TAPA PARA BANDEJA RECTANGULAR DE 1.75LB (100 UNIDADES),https://kossino.com/wp-content/uploads/2025/05/2886156-2.25lb.webp,,DESECHABLES_Y_CONSUMIBLES,DESECHABLES Y CONSUMIBLES,ALUMINIO,ALUMINIO,TAPA PARA BANDEJA RECTANGULAR DE 1.75LB (100 UNIDADES),60
K-DES-ALU-RE150-BASE,BANDEJA RECTANGULAR DE 1LB (100 UNIDADES),https://kossino.com/wp-content/uploads/2025/05/2062749-1lb-Photoroom.png,,DESECHABLES_Y_CONSUMIBLES,DESECHABLES Y CONSUMIBLES,ALUMINIO,ALUMINIO,BANDEJA RECTANGULAR DE 1LB (100 UNIDADES),75
K-DES-ALU-RE185-BASE,BANDEJA RECTANGULAR DE 1.5LB (100 UNIDADES),https://kossino.com/wp-content/uploads/2025/05/2062751-1.5lb-Photoroom.png,,DESECHABLES_Y_CONSUMIBLES,DESECHABLES Y CONSUMIBLES,ALUMINIO,ALUMINIO,BANDEJA RECTANGULAR DE 1.5LB (100 UNIDADES),120
K-DES-ALU-RE195D-BASE,BANDEJA RECTANGULAR DE 1.75LB (100 UNIDADES),https://kossino.com/wp-content/uploads/2025/05/2062117-2lb.webp,,DESECHABLES_Y_CONSUMIBLES,DESECHABLES Y CONSUMIBLES,ALUMINIO,ALUMINIO,BANDEJA RECTANGULAR DE 1.75LB (100 UNIDADES),125
K-DES-ALU-RE320D-TAPA,TAPA PARA BANDEJA RECTANGULAR DE 5LB,https://kossino.com/wp-content/uploads/2025/05/1321592.webp,,DESECHABLES_Y_CONSUMIBLES,DESECHABLES Y CONSUMIBLES,ALUMINIO,ALUMINIO,TAPA PARA BANDEJA RECTANGULAR DE 5LB,3
K-DES-ALU-RE216-TAPA,TAPA PARA BANDEJA RECTANGULAR DE ZEPELIN (100 UNIDADES),https://kossino.com/wp-content/uploads/2025/05/1414045.webp,,DESECHABLES_Y_CONSUMIBLES,DESECHABLES Y CONSUMIBLES,ALUMINIO,ALUMINIO,TAPA PARA BANDEJA RECTANGULAR DE ZEPELIN (100 UNIDADES),85
K-DES-ALU-RE320D-BASE,BANDEJA RECTANGULAR DE 5LB,https://kossino.com/wp-content/uploads/2025/05/2418896-5lb.webp,,DESECHABLES_Y_CONSUMIBLES,DESECHABLES Y CONSUMIBLES,ALUMINIO,ALUMINIO,BANDEJA RECTANGULAR DE 5LB,4
K-DES-ALU-B430-BASE,BANDEJA RECTANGULAR DE 10LB,https://kossino.com/wp-content/uploads/2025/05/2418897-10lb.webp,,DESECHABLES_Y_CONSUMIBLES,DESECHABLES Y CONSUMIBLES,ALUMINIO,ALUMINIO,BANDEJA RECTANGULAR DE 10LB,7
K-DES-ALU-RE216-BASE,BANDEJA RECTANGULAR PARA ZEPELIN (100 UNIDADES),https://kossino.com/wp-content/uploads/2025/05/1415352.jpg,,DESECHABLES_Y_CONSUMIBLES,DESECHABLES Y CONSUMIBLES,ALUMINIO,ALUMINIO,BANDEJA RECTANGULAR PARA ZEPELIN (100 UNIDADES),155
K-DES-ALU-6PAN-TAPA,TAPA PARA BANDEJA REDONDA DE 6″ (100 UNIDADES),https://kossino.com/wp-content/uploads/2025/05/2886888-6PLG.jpg,,DESECHABLES_Y_CONSUMIBLES,DESECHABLES Y CONSUMIBLES,ALUMINIO,ALUMINIO,TAPA PARA BANDEJA REDONDA DE 6″ (100 UNIDADES),35
K-DES-ALU-7PAN-TAPA,TAPA PARA BANDEJA REDONDA DE 7″ (100 UNIDADES),https://kossino.com/wp-content/uploads/2025/05/2886890-7PLG.jpg,,DESECHABLES_Y_CONSUMIBLES,DESECHABLES Y CONSUMIBLES,ALUMINIO,ALUMINIO,TAPA PARA BANDEJA REDONDA DE 7″ (100 UNIDADES),39
K-DES-ALU-9PAN-TAPA,TAPA PARA BANDEJA REDONDA DE 9″ (100 UNIDADES),https://kossino.com/wp-content/uploads/2025/05/2886889-9PLG.webp,,DESECHABLES_Y_CONSUMIBLES,DESECHABLES Y CONSUMIBLES,ALUMINIO,ALUMINIO,TAPA PARA BANDEJA REDONDA DE 9″ (100 UNIDADES),79
K-DES-ALU-6PAN-BASE,BANDEJA REDONDA DE 6″ (100 UNIDADES),https://kossino.com/wp-content/uploads/2025/05/6lb.webp,,DESECHABLES_Y_CONSUMIBLES,DESECHABLES Y CONSUMIBLES,ALUMINIO,ALUMINIO,BANDEJA REDONDA DE 6″ (100 UNIDADES),85
K-DES-ALU-7PAN-BASE,BANDEJA REDONDA DE 7″ (100 UNIDADES),https://kossino.com/wp-content/uploads/2025/05/7lb.webp,,DESECHABLES_Y_CONSUMIBLES,DESECHABLES Y CONSUMIBLES,ALUMINIO,ALUMINIO,BANDEJA REDONDA DE 7″ (100 UNIDADES),95
K-DES-ALU-9PAN-BASE,BANDEJA REDONDA DE 9″ (100 UNIDADES),https://kossino.com/wp-content/uploads/2025/05/10lb.webp,,DESECHABLES_Y_CONSUMIBLES,DESECHABLES Y CONSUMIBLES,ALUMINIO,ALUMINIO,BANDEJA REDONDA DE 9″ (100 UNIDADES),180
K-DES-ALU-T470-BASE,PAVERA OVALADA,https://kossino.com/wp-content/uploads/2025/05/1977905.jpg,,DESECHABLES_Y_CONSUMIBLES,DESECHABLES Y CONSUMIBLES,ALUMINIO,ALUMINIO,PAVERA OVALADA,11
K-DES-ALU-SQ205-BASE,BANDEJA CUADRADA DE 8X8″ (100 UNIDADES),https://kossino.com/wp-content/uploads/2025/05/8x8.webp,,DESECHABLES_Y_CONSUMIBLES,DESECHABLES Y CONSUMIBLES,ALUMINIO,ALUMINIO,BANDEJA CUADRADA DE 8X8″ (100 UNIDADES),220
K-DES-ALU-SQ205-TAPA,APA PARA BANDEJA CUADRADA DE 8X8″ (100 UNIDADES),https://kossino.com/wp-content/uploads/2025/05/1204065-8x8-Photoroom-1.png,,DESECHABLES_Y_CONSUMIBLES,DESECHABLES Y CONSUMIBLES,ALUMINIO,ALUMINIO,TAPA PARA BANDEJA CUADRADA DE 8X8″ (100 UNIDADES),120
K-DES-ALU-FOIL-12X500,ROLLO DE PAPEL ALUMINIO DE 12 PULGADAS X 500 PIES,https://kossino.com/wp-content/uploads/2025/05/aluminum-foil.jpg,,DESECHABLES_Y_CONSUMIBLES,DESECHABLES Y CONSUMIBLES,ALUMINIO,ALUMINIO,ROLLO DE PAPEL ALUMINIO DE 12 PULGADAS X 500 PIES,115
K-BAR-GAR-LIMON,RODAJAS DE LIMÓN DESHIDRATADA,https://kossino.com/wp-content/uploads/2025/03/WhatsApp-Image-2025-03-28-at-11.48.19-AM-2-600x469.jpeg,,DESECHABLES_Y_CONSUMIBLES,DESECHABLES Y CONSUMIBLES,GUARNICIONES,GUARNICIONES,"PESO: 210g

CANTIDAD: 140-145 RODAJAS",65
K-BAR-GAR-NARANJA,RODAJAS DE NARANJA DESHIDRATADA,https://kossino.com/wp-content/uploads/2025/03/WhatsApp-Image-2025-03-28-at-12.20.54-PM-600x450.jpeg,,DESECHABLES_Y_CONSUMIBLES,DESECHABLES Y CONSUMIBLES,GUARNICIONES,GUARNICIONES,"PESO: 200g

CANTIDAD: 74-80 RODAJAS",75
K-BAR-GAR-TORONJA,RODAJAS DE TORONJA DESHIDRATADA,https://kossino.com/wp-content/uploads/2025/03/WhatsApp-Image-2025-03-28-at-12.06.21-PM-600x450.jpeg,,DESECHABLES_Y_CONSUMIBLES,DESECHABLES Y CONSUMIBLES,GUARNICIONES,GUARNICIONES,"PESO: 180g

CANTIDAD: 44-50 RODAJAS",125
K-BAR-GAR-CAÑA,BASTONES DE CAÑA DE AZUCAR DESHIDRATADOS,https://kossino.com/wp-content/uploads/2025/03/WhatsApp-Image-2025-03-28-at-11.48.19-AM-1-600x450.jpeg,,DESECHABLES_Y_CONSUMIBLES,DESECHABLES Y CONSUMIBLES,GUARNICIONES,GUARNICIONES,"PESO: 300g

CANTIDAD: 76-80 BASTONES",55
K-BAR-GAR-PIÑA,RODAJAS DE PIÑA DESHIDRATADA,https://kossino.com/wp-content/uploads/2025/03/WhatsApp-Image-2025-03-28-at-11.48.19-AM-600x450.jpeg,,DESECHABLES_Y_CONSUMIBLES,DESECHABLES Y CONSUMIBLES,GUARNICIONES,GUARNICIONES,"PESO: 360g

CANTIDAD: 64-70 RODAJAS",130
K-DES-SEG-NITRILO-L,CAJA DE 100 GUANTES DE NITRILO TALLA L COLOR NEGRO,https://kossino.com/wp-content/uploads/2025/05/2818321.webp,,DESECHABLES_Y_CONSUMIBLES,DESECHABLES Y CONSUMIBLES,SEGURIDAD,SEGURIDAD,"El guante de nitrilo talla L color negro ofrece una barrera eficaz contra químicos, aceites y contaminantes, combinando resistencia, comodidad y tacto sensible",60
K-DES-SEG-NITRILO-L,CAJA DE 100 GUANTES DE NITRILO TALLA M COLOR NEGRO,https://kossino.com/wp-content/uploads/2025/05/2818321.webp,,DESECHABLES_Y_CONSUMIBLES,DESECHABLES Y CONSUMIBLES,SEGURIDAD,SEGURIDAD,"El guante de nitrilo talla L color negro ofrece una barrera eficaz contra químicos, aceites y contaminantes, combinando resistencia, comodidad y tacto sensible",60
K-DES-SEG-NITRILO-L,CAJA DE 100 GUANTES DE NITRILO TALLA S COLOR NEGRO,https://kossino.com/wp-content/uploads/2025/05/2818321.webp,,DESECHABLES_Y_CONSUMIBLES,DESECHABLES Y CONSUMIBLES,SEGURIDAD,SEGURIDAD,"El guante de nitrilo talla L color negro ofrece una barrera eficaz contra químicos, aceites y contaminantes, combinando resistencia, comodidad y tacto sensible",60
K-DES-SEG-GUANTE-PP,100 GUANTES PLÁSTICO PARA ALIMENTOS,https://kossino.com/wp-content/uploads/2025/05/2659701.webp,,DESECHABLES_Y_CONSUMIBLES,DESECHABLES Y CONSUMIBLES,SEGURIDAD,SEGURIDAD,"Los guantes plásticos desechables para alimentos son la opción ideal para mantener la higiene y seguridad en manipulación de alimentos en cocinas, restaurantes, supermercados y servicios de catering",7
K-DES-SEG-HAIR-COFIA,100 COFIAS ELÁSTICAS DESECHABLES,https://kossino.com/wp-content/uploads/2025/05/728910.webp,,DESECHABLES_Y_CONSUMIBLES,DESECHABLES Y CONSUMIBLES,SEGURIDAD,SEGURIDAD,"La cofia elástica desechable es un accesorio indispensable para mantener la higiene en ambientes médicos, de alimentos y limpieza. ",30
K-VAS-VID-MILK-1LT,PICHEL LECHERO DE 1LT,https://kossino.com/wp-content/uploads/2024/04/3830-600x600.jpg,,DISPENSADORES,DISPENSADORES,PICHELES,PICHELES,"MATERIAL: Vidrio

CAPACIDAD: 1000ml / 32oz",19
K-DISPEN-PICHEL-VID-1.3L,PICHEL DE VIDRIO DE 1.3LTS,https://kossino.com/wp-content/uploads/2023/07/319349896.webp,,DISPENSADORES,DISPENSADORES,PICHELES,PICHELES,"MEDIDAS: 11.2cm X 9.5CM X 21.2CM

CAPACIDAD: 1300ML / 43 onzas

MATERIAL: Vidrio",25
K-DISPEN-PICHEL-VID-YZH36-1.7,PICHEL DE VIDRIO DE 1.7LTS,https://kossino.com/wp-content/uploads/2025/04/a6ac108af340cf61afc21919b53a5f352b950fce20b711e2d97fdb2e5a4c306e-600x600.jpeg,,DISPENSADORES,DISPENSADORES,PICHELES,PICHELES,"MEDIDAS: 26×10.2cm

CAPACIDAD: 1700ML / 56 onzas

MATERIAL: Vidrio",29
K-DISPEN-PICHEL-SAN-14L,PICHEL DE 1.4L,https://kossino.com/wp-content/uploads/2023/01/105886.webp,,DISPENSADORES,DISPENSADORES,PICHELES,PICHELES,"CAPACIDAD: 1.4 litros

MEDIDAS: 11.7 X 20CM

MATERIAL: Acrílico (SAN)",34
K-DISPEN-PICHEL-SAN-18L,PICHEL DE 1.8L,https://kossino.com/wp-content/uploads/2023/01/5540-07.jpg,,DISPENSADORES,DISPENSADORES,PICHELES,PICHELES,"CAPACIDAD: 1.8 litros

MEDIDAS: 13 X 20CM

MATERIAL: Acrílico (SAN)",37
K-DISPEN-PICHEL-SAN-72OZ,PICHEL DE 2.2L,https://kossino.com/wp-content/uploads/2024/04/5540-07.jpg,,DISPENSADORES,DISPENSADORES,PICHELES,PICHELES,"CAPACIDAD: 72oz / 2.2 litros

MATERIAL: Acrílico (SAN)",39
K-DISPEN-REFRES-PP-3.5L,REFRESQUERA SIMPLE DE 3.5L,https://kossino.com/wp-content/uploads/2023/07/49cf0af4-d38d-4fdb-a9f1-36818e982564.8d52808c9588162e8d85aee16f5a2263-600x600.webp,https://kossino.com/wp-content/uploads/2023/07/49cf0af4-d38d-4fdb-a9f1-36818e982564.8d52808c9588162e8d85aee16f5a2263-600x600.webp | https://kossino.com/wp-content/uploads/2023/07/51chrv4j23l-sl1000-500x500-1.webp,DISPENSADORES,DISPENSADORES,REFRESQUERAS,REFRESQUERAS,"MEDIDAS: 25.5 X 17 X 10.5cm

CAPACIDAD: 3.5 litros

MATERIAL: Plástico

*NO ELÉCTRICO",49
K-DISPEN-REFRES-PP-11L,REFRESQUERA SIMPLE DE 11L,https://kossino.com/wp-content/uploads/2023/01/2320244-e1677006774336.webp,,DISPENSADORES,DISPENSADORES,REFRESQUERAS,REFRESQUERAS,"MEDIDAS: 42.5 X 21 X 54.5CM

CAPACIDAD: 11 litros

MATERIAL: Plástico

*NO ELÉCTRICO",379
K-DISPEN-REFRES-PP-19L,REFRESQUERA SIMPLE DE 19L,https://kossino.com/wp-content/uploads/2023/01/1534974.webp,,DISPENSADORES,DISPENSADORES,REFRESQUERAS,REFRESQUERAS,"MEDIDAS: 35 X 28 X 57CM

CAPACIDAD: 19 litros

MATERIAL: Plástico

*NO ELÉCTRICO",449
K-DISPEN-REFRES-PP-22L,REFRESQUERA DOBLE DE 22L,https://kossino.com/wp-content/uploads/2023/01/1535001-600x600.webp,,DISPENSADORES,DISPENSADORES,REFRESQUERAS,REFRESQUERAS,"MEDIDAS: 42 X 43 X 54CM

CAPACIDAD: 22 litros

MATERIAL: Plástico

*NO ELÉCTRICO",729
K-DISPEN-REFRES-PP-CHORRO,CHORRO DE REPUESTO,https://kossino.com/wp-content/uploads/2025/04/K-DISPEN-REFRES-PP-CHORRO.webp,,DISPENSADORES,DISPENSADORES,REFRESQUERAS,REFRESQUERAS,MATERIAL: Plástico,43
K-CAT-ACC-BARRA-12PLG,"BARRA DE ACERO INOXIDABLE PARA MESAS CALIENTES 12""",https://kossino.com/wp-content/uploads/2025/09/barra-para-mesas-calientes-12plg.webp,,INSERTOS,INSERTOS,ACCESORIOS_PARA_INSERTOS,ACCESORIOS PARA INSERTOS,"La barra de acero inoxidable para mesas calientes de 12″ es un accesorio esencial para mantener la organización y funcionalidad en cocinas profesionales, buffets y servicios de catering.",25
K-CAT-ACC-BARRA-20PLG,"BARRA DE ACERO INOXIDABLE PARA MESAS CALIENTES 20""",https://kossino.com/wp-content/uploads/2025/09/barra-para-mesas-calientes-20plg.webp-1.webp,,INSERTOS,INSERTOS,ACCESORIOS_PARA_INSERTOS,ACCESORIOS PARA INSERTOS,"La barra de acero inoxidable para mesas calientes de 12″ es un accesorio esencial para mantener la organización y funcionalidad en cocinas profesionales, buffets y servicios de catering.",40
K-CAT-INS-REDONDO-6.5CM,INSERTO REDONDO PARA CHAFER,https://kossino.com/wp-content/uploads/2024/11/images.jpeg,,INSERTOS,INSERTOS,ACCESORIOS_PARA_INSERTOS,ACCESORIOS PARA INSERTOS,"MEDIDAS: 15″ diametro / 6.5cm altura

MATERIAL: Acero inoxidable 201",160
K-LAV-VASOS-DELUXE,LAVA VASOS EMPOTRABLE EN INSERTO DE ACERO INOXIDABLE GN 1/6,https://kossino.com/wp-content/uploads/2025/05/4354_original_eppr662-600x600.webp,,INSERTOS,INSERTOS,ACCESORIOS_PARA_INSERTOS,ACCESORIOS PARA INSERTOS,"Completo con Mangueras y T de Acople.

Este lava vasos empotrable está diseñado para instalarse en insertos gastronorm GN 1/6 de 6.5 cm de profundidad",499
K-CAT-INS-PC-DRENA-1/1,DRENAJE PARA INSERTO 1/1,https://kossino.com/wp-content/uploads/2025/02/K-CAT-INS-PC-DRENA-1-1-1.webp,,INSERTOS,INSERTOS,ACCESORIOS_PARA_INSERTOS,ACCESORIOS PARA INSERTOS,"MEDIDAS: 46x25x1.9cm

MATERIAL: Policarbonato",70
K-CAT-INS-PC-DRENA-1/2,DRENAJE PARA INSERTO 1/2,https://kossino.com/wp-content/uploads/2025/02/K-CAT-INS-PC-DRENA-1-2-1.jpg,,INSERTOS,INSERTOS,ACCESORIOS_PARA_INSERTOS,ACCESORIOS PARA INSERTOS,"MEDIDAS: 26.5×19.6×1.5cm

MATERIAL: Policarbonato",35
K-CAT-INS-PC-DRENA-1/3,DRENAJE PARA INSERTO 1/3,https://kossino.com/wp-content/uploads/2025/02/K-CAT-INS-PC-DRENA-1-3-1-1.webp,,INSERTOS,INSERTOS,ACCESORIOS_PARA_INSERTOS,ACCESORIOS PARA INSERTOS,"MEDIDAS: 25x10x1.5cm

MATERIAL: Policarbonato",30
K-CAT-INS-PC-DRENA-1/4,DRENAJE PARA INSERTO 1/4,https://kossino.com/wp-content/uploads/2025/02/K-CAT-INS-PC-DRENA-1-4-2.webp,,INSERTOS,INSERTOS,ACCESORIOS_PARA_INSERTOS,ACCESORIOS PARA INSERTOS,"MEDIDAS: 12.3×10.8×1.5cm

MATERIAL: Policarbonato",20
K-CAT-INS-PC-DRENA-1/6,DRENAJE PARA INSERTO 1/6,https://kossino.com/wp-content/uploads/2023/12/2580992.jpg,,INSERTOS,INSERTOS,ACCESORIOS_PARA_INSERTOS,ACCESORIOS PARA INSERTOS,"MEDIDAS: 12.3 x 10.8 x 1.5cm

MATERIAL: Policarbonato",15
K-CAT-INS-PC-DRENA-1/9,DRENAJE PARA INSERTO 1/9,https://kossino.com/wp-content/uploads/2023/12/1754282.jpg,,INSERTOS,INSERTOS,ACCESORIOS_PARA_INSERTOS,ACCESORIOS PARA INSERTOS,"MEDIDAS: 12 x 5 x 1.5cm

MATERIAL: Policarbonato",10
K-CAT-INS-SOPA-TAPA-S,TAPA PARA INSERTO CILINDRICO DE 4LT,https://kossino.com/wp-content/uploads/2024/11/2235208-4lt.webp,,INSERTOS,INSERTOS,INSERTOS_CILINDRICO_DE_ACERO_INOXIDABLE,INSERTOS CILINDRICO DE ACERO INOXIDABLE,MATERIAL: Acero inoxidable 201,65
K-CAT-INS-SOPA-TAPA-M,TAPA PARA INSERTO CILINDRICO DE 7LT,https://kossino.com/wp-content/uploads/2024/11/2234428-7lt.webp,,INSERTOS,INSERTOS,INSERTOS_CILINDRICO_DE_ACERO_INOXIDABLE,INSERTOS CILINDRICO DE ACERO INOXIDABLE,MATERIAL: Acero inoxidable 201,70
K-CAT-INS-SOPA-TAPA-L,TAPA PARA INSERTO CILINDRICO DE 11LT,https://kossino.com/wp-content/uploads/2024/11/2354521-11lt.webp,,INSERTOS,INSERTOS,INSERTOS_CILINDRICO_DE_ACERO_INOXIDABLE,INSERTOS CILINDRICO DE ACERO INOXIDABLE,MATERIAL: Acero inoxidable 201,75
K-CAT-INS-SOPA-4L,INSERTO CILINDRICO 4LT,https://kossino.com/wp-content/uploads/2024/11/2234828-4lt.webp,,INSERTOS,INSERTOS,INSERTOS_CILINDRICO_DE_ACERO_INOXIDABLE,INSERTOS CILINDRICO DE ACERO INOXIDABLE,"MEDIDAS: 19X13X20.5cm

CAPACIDAD: 4 litros

MATERIAL: Acero inoxidable 201",120
K-CAT-INS-SOPA-7L,INSERTO CILINDRICO 7LT,https://kossino.com/wp-content/uploads/2024/11/2230673-7lt.webp,,INSERTOS,INSERTOS,INSERTOS_CILINDRICO_DE_ACERO_INOXIDABLE,INSERTOS CILINDRICO DE ACERO INOXIDABLE,"MEDIDAS: 24x22x18cm

CAPACIDAD: 7 litros

MATERIAL: Acero inoxidable 201",160
K-CAT-INS-SOPA-11L,INSERTO CILINDRICO 11LT,https://kossino.com/wp-content/uploads/2024/11/2328368-11lt.webp,,INSERTOS,INSERTOS,INSERTOS_CILINDRICO_DE_ACERO_INOXIDABLE,INSERTOS CILINDRICO DE ACERO INOXIDABLE,"MEDIDAS: 29X23X22cm

CAPACIDAD: 11 litros

MATERIAL: Acero inoxidable 201",200
K-CAT-INS-SS-PERF-1/1-6.5,INSERTO PERFORADO 1/1 DE 6.5CM,https://kossino.com/wp-content/uploads/2025/02/K-CAT-INS-SS-PERF-1-1-6.5-2-300x300.webp,,INSERTOS,INSERTOS,INSERTOS_DE_ACERO_INOXIDABLE_1/1,INSERTOS DE ACERO INOXIDABLE 1/1,"MEDIDA: 53×32.5×6.5cm

GROSOR: 1.0mm

MATERIAL: Acero inoxidable 201",120
K-CAT-INS-SS-PERF-1/1-10,INSERTO PERFORADO 1/1 DE 10CM,https://kossino.com/wp-content/uploads/2025/02/K-CAT-INS-SS-PERF-1-1-10-1.webp,,INSERTOS,INSERTOS,INSERTOS_DE_ACERO_INOXIDABLE_1/1,INSERTOS DE ACERO INOXIDABLE 1/1,"MEDIDA: 53×32.5x10cm

GROSOR: 1.0mm

MATERIAL: Acero inoxidable 201",130
K-CAT-INS-SS-PERF-1/1-15,INSERTO PERFORADO 1/1 DE 15CM,https://kossino.com/wp-content/uploads/2025/02/K-CAT-INS-SS-PERF-1-1-15-2.webp,,INSERTOS,INSERTOS,INSERTOS_DE_ACERO_INOXIDABLE_1/1,INSERTOS DE ACERO INOXIDABLE 1/1,"MEDIDA: 53×32.5x15cm

GROSOR: 1.0mm

MATERIAL: Acero inoxidable 201",150
K-CAT-INS-SS-LID-1/1,TAPADERA DE INSERTO 1/1,https://kossino.com/wp-content/uploads/2023/01/Lid-1-1-600x600.jpg,,INSERTOS,INSERTOS,INSERTOS_DE_ACERO_INOXIDABLE_1/1,INSERTOS DE ACERO INOXIDABLE 1/1,"MEDIDA: 53 X 32.5CM

GROSOR: 0.7mm

PESO: 500g

MATERIAL: Acero inoxidable 201",70
K-CAT-INS-SS-RANU-1/1,TAPA RANURADA DE 1/1,https://kossino.com/wp-content/uploads/2025/02/K-CAT-INS-SS.RANU-1-1-1.webp,,INSERTOS,INSERTOS,INSERTOS_DE_ACERO_INOXIDABLE_1/1,INSERTOS DE ACERO INOXIDABLE 1/1,"MEDIDA: 53 X 32.5CM

GROSOR: 1.0mm

MATERIAL: Acero inoxidable 201",70
K-CAT-INS-SS-1/1-6.5CM,INSERTO 1/1 DE 6.5CMS,https://kossino.com/wp-content/uploads/2023/01/1-1-2.5p-1.jpg,,INSERTOS,INSERTOS,INSERTOS_DE_ACERO_INOXIDABLE_1/1,INSERTOS DE ACERO INOXIDABLE 1/1,"MEDIDA: 53 X 32.5 X 6.5CM

GROSOR: 0.7mm

PESO: 700g

CAPACIDAD: 8 litros

MATERIAL: Acero inoxidable 201",80
K-CAT-INS-SS-1/1-10CM,INSERTO 1/1 DE 10CMS,https://kossino.com/wp-content/uploads/2023/01/1-1-4p-3.jpg,,INSERTOS,INSERTOS,INSERTOS_DE_ACERO_INOXIDABLE_1/1,INSERTOS DE ACERO INOXIDABLE 1/1,"MEDIDA: 53 X 32.5 X 10CM

GROSOR: 0.7mm

PESO: 800g

CAPACIDAD: 12 litros

MATERIAL: Acero inoxidable 201",100
K-CAT-INS-SS-1/1-15CM,INSERTO 1/1 DE 15CMS,https://kossino.com/wp-content/uploads/2023/01/1-1-6p.jpg,,INSERTOS,INSERTOS,INSERTOS_DE_ACERO_INOXIDABLE_1/1,INSERTOS DE ACERO INOXIDABLE 1/1,"MEDIDA: 53 X 32.5 X 15CM

GROSOR: 0.7mm

PESO: 950g

CAPACIDAD: 16 litros

MATERIAL: Acero inoxidable 201",130
K-CAT-INS-SS-1/1-20CM,INSERTO DE ACERO INOXIDABLE GN 1/1 – 20 CM DE PROFUNDIDAD,https://kossino.com/wp-content/uploads/2025/07/inserto-1-1-20cm-2.webp,,INSERTOS,INSERTOS,INSERTOS_DE_ACERO_INOXIDABLE_1/1,INSERTOS DE ACERO INOXIDABLE 1/1,"Formato Gastronorm GN 1/1	Compatible con chafing dishes y equipos estándar GN.",160
K-CAT-INS-SS-PERF-1/2-6.5,INSERTO PERFORADO 1/2 DE 6.5CM,https://kossino.com/wp-content/uploads/2025/02/K-CAT-INS-SS-PERF-1-2-6.5-1.webp,,INSERTOS,INSERTOS,INSERTOS_DE_ACERO_INOXIDABLE_1/2,INSERTOS DE ACERO INOXIDABLE 1/2,"MEDIDA: 32.5×26.5×6.5cm

GROSOR: 1.0mm

MATERIAL: Acero inoxidable 201",85
K-CAT-INS-SS-PERF-1/2-10,INSERTO PERFORADO 1/2 DE 10CM,https://kossino.com/wp-content/uploads/2025/02/K-CAT-INS-SS-PERF-1-2-10-1-1.webp,,INSERTOS,INSERTOS,INSERTOS_DE_ACERO_INOXIDABLE_1/2,INSERTOS DE ACERO INOXIDABLE 1/2,"MEDIDA: 32.5×26.5x10cm

GROSOR: 1.0mm

MATERIAL: Acero inoxidable 201",95
K-CAT-INS-SS-PERF-1/2-15,INSERTO PERFORADO 1/2 DE 15CM,https://kossino.com/wp-content/uploads/2025/02/K-CAT-INS-SS-PERF-1-2-15-2.webp,,INSERTOS,INSERTOS,INSERTOS_DE_ACERO_INOXIDABLE_1/2,INSERTOS DE ACERO INOXIDABLE 1/2,"MEDIDA: 32.5×26.5x15cm

GROSOR: 1.0mm

MATERIAL: Acero inoxidable 201",115
K-CAT-INS-SS-LID-1/2,TAPADERA DE INSERTO 1/2,https://kossino.com/wp-content/uploads/2023/01/Lid-1-2.jpg,,INSERTOS,INSERTOS,INSERTOS_DE_ACERO_INOXIDABLE_1/2,INSERTOS DE ACERO INOXIDABLE 1/2,"MEDIDA: 32.5 X 26.5CM

GROSOR: 0.7mm

PESO: 250g

MATERIAL: Acero inoxidable 201",35
K-CAT-INS-SS-RANU-1/2,TAPA RANURADA DE 1/2,https://kossino.com/wp-content/uploads/2025/02/K-CAT-INS-SS.RANU-1-2-1.webp,,INSERTOS,INSERTOS,INSERTOS_DE_ACERO_INOXIDABLE_1/2,INSERTOS DE ACERO INOXIDABLE 1/2,"MEDIDA: 32.5×26.5cm

GROSOR: 1.0mm

MATERIAL: Acero inoxidable 201",50
K-CAT-INS-SS-1/2-6.5CM,INSERTO 1/2 DE 6.5CMS,https://kossino.com/wp-content/uploads/2023/01/1-2-2.5p-1.jpg,,INSERTOS,INSERTOS,INSERTOS_DE_ACERO_INOXIDABLE_1/2,INSERTOS DE ACERO INOXIDABLE 1/2,"MEDIDA: 32.5 X 26.5 X 6.5CM

GROSOR: 0.7mm

PESO: 400g

CAPACIDAD: 4.5 litros

MATERIAL: Acero inoxidable 201",50
K-CAT-INS-SS-1/2-10CM,INSERTO 1/2 DE 10CMS,https://kossino.com/wp-content/uploads/2023/01/1-2-4p.webp,,INSERTOS,INSERTOS,INSERTOS_DE_ACERO_INOXIDABLE_1/2,INSERTOS DE ACERO INOXIDABLE 1/2,"MEDIDA: 32.5 X 26.5 X 10CM

GROSOR: 0.7mm

PESO: 450g

CAPACIDAD: 7 litros

MATERIAL: Acero inoxidable 201",65
K-CAT-INS-SS-1/2-15CM,INSERTO 1/2 DE 15CMS,https://kossino.com/wp-content/uploads/2023/01/1-2-6p-1.jpg,,INSERTOS,INSERTOS,INSERTOS_DE_ACERO_INOXIDABLE_1/2,INSERTOS DE ACERO INOXIDABLE 1/2,"MEDIDA: 32.5 X 26.5 X 15CM

GROSOR: 0.7mm

PESO: 550g

CAPACIDAD: 10 litros

MATERIAL: Acero inoxidable 201",80
K-CAT-INS-SS-LID-1/3,TAPADERA DE INSERTO 1/3,https://kossino.com/wp-content/uploads/2023/01/Lid-1-3.jpg,,INSERTOS,INSERTOS,INSERTOS_DE_ACERO_INOXIDABLE 1/3,INSERTOS DE ACERO INOXIDABLE 1/3,"MEDIDA: 32.5 X 17.6CM

GROSOR: 0.7mm

PESO: 150g

MATERIAL: Acero inoxidable 201",30
K-CAT-INS-SS-RANU-1/3,TAPA RANURADA DE 1/3,https://kossino.com/wp-content/uploads/2025/02/K-CAT-INS-SS.RANU-1-3-2.webp,,INSERTOS,INSERTOS,INSERTOS_DE_ACERO_INOXIDABLE 1/3,INSERTOS DE ACERO INOXIDABLE 1/3,"MEDIDA: 32.5×17.6cm

GROSOR: 1.0mm

MATERIAL: Acero inoxidable 201",35
K-CAT-INS-SS-1/3-6.5CM,INSERTO 1/3 DE 6.5CMS,https://kossino.com/wp-content/uploads/2023/01/1-3-2.5cm.jpg,,INSERTOS,INSERTOS,INSERTOS_DE_ACERO_INOXIDABLE 1/3,INSERTOS DE ACERO INOXIDABLE 1/3,"MEDIDA: 32.5 X 17.6 X 6.5CM

GROSOR: 0.7mm

PESO: 300g

CAPACIDAD: 2.5 litros

MATERIAL: Acero inoxidable 201",45
K-CAT-INS-SS-1/3-10CM,INSERTO 1/3 DE 10CMS,https://kossino.com/wp-content/uploads/2023/01/1-3-4p-1.jpg,,INSERTOS,INSERTOS,INSERTOS_DE_ACERO_INOXIDABLE 1/3,INSERTOS DE ACERO INOXIDABLE 1/3,"MEDIDA: 32.5 X 17.6 X 10CM

GROSOR: 0.7mm

PESO: 350g

CAPACIDAD: 4.0 litros

MATERIAL: Acero inoxidable 201",55
K-CAT-INS-SS-1/3-15CM,INSERTO 1/3 DE 15CMS,https://kossino.com/wp-content/uploads/2023/01/1-3-6p-600x600.jpg,,INSERTOS,INSERTOS,INSERTOS_DE_ACERO_INOXIDABLE 1/3,INSERTOS DE ACERO INOXIDABLE 1/3,"MEDIDA: 32.5 X 17.6 X 15CM

GROSOR: 0.7mm

PESO: 500g

CAPACIDAD: 6.0 litros

MATERIAL: Acero inoxidable 201",70
K-CAT-INS-SS-LID-1/4,TAPADERA DE INSERTO 1/4,https://kossino.com/wp-content/uploads/2023/01/Lid-1-4.jpg,,INSERTOS,INSERTOS,INSERTOS_DE_ACERO_INOXIDABLE_1/4,INSERTOS DE ACERO INOXIDABLE 1/4,"MEDIDA: 26.5 X 16.2CM

GROSOR: 0.7mm

PESO: 150g

MATERIAL: Acero inoxidable 201",25
K-CAT-INS-SS-RANU-1/4,TAPA RANURADA DE 1/4,https://kossino.com/wp-content/uploads/2025/02/K-CAT-INS-SS.RANU-1-4-2.jpg,,INSERTOS,INSERTOS,INSERTOS_DE_ACERO_INOXIDABLE_1/4,INSERTOS DE ACERO INOXIDABLE 1/4,"MEDIDA: 26.5×16.2cm

GROSOR: 1.0mm

MATERIAL: Acero inoxidable 201",30
K-CAT-INS-SS-1/4-6.5CM,INSERTO 1/4 DE 6.5CMS,https://kossino.com/wp-content/uploads/2023/01/1-4-2.5p-1-600x600.jpg,,INSERTOS,INSERTOS,INSERTOS_DE_ACERO_INOXIDABLE_1/4,INSERTOS DE ACERO INOXIDABLE 1/4,"MEDIDA: 26.5 X 16.2 X 6.5CM

GROSOR: 0.7mm

PESO: 200g

CAPACIDAD: 1.7 litros

MATERIAL: Acero inoxidable 201",40
K-CAT-INS-SS-1/4-10CM,INSERTO 1/4 DE 10CMS,https://kossino.com/wp-content/uploads/2023/01/1-4-4p-1.jpg,,INSERTOS,INSERTOS,INSERTOS_DE_ACERO_INOXIDABLE_1/4,INSERTOS DE ACERO INOXIDABLE 1/4,"MEDIDA: 26.5 X 16.2 X 10CM

GROSOR: 0.7mm

PESO: 250g

CAPACIDAD: 2.5 litros

MATERIAL: Acero inoxidable 201",50
K-CAT-INS-SS-1/4-15CM,INSERTO 1/4 DE 15CMS,https://kossino.com/wp-content/uploads/2023/01/1-4-6.jpg,,INSERTOS,INSERTOS,INSERTOS_DE_ACERO_INOXIDABLE_1/4,INSERTOS DE ACERO INOXIDABLE 1/4,"MEDIDA: 26.5 X 16.2 X 15CM

GROSOR: 0.7mm

PESO: 350g

CAPACIDAD: 3.8 litros

MATERIAL: Acero inoxidable 201",65
K-CAT-INS-SS-LID-1/6,TAPADERA DE INSERTO 1/6,https://kossino.com/wp-content/uploads/2023/01/Lid-1-6-600x702.jpg,,INSERTOS,INSERTOS,INSERTOS_DE_ACERO_INOXIDABLE_1/6,INSERTOS DE ACERO INOXIDABLE 1/6,"MEDIDA: 17.6 X 16.2CM

GROSOR: 0.7mm

PESO: 100g

MATERIAL: Acero inoxidable 201",20
K-CAT-INS-SS-RANU-1/6,TAPA RANURADA DE 1/6,https://kossino.com/wp-content/uploads/2025/02/K-CAT-INS-SS.RANU-1-6-2.webp,,INSERTOS,INSERTOS,INSERTOS_DE_ACERO_INOXIDABLE_1/6,INSERTOS DE ACERO INOXIDABLE 1/6,"MEDIDA: 17.6×16.2cm

GROSOR: 1.0mm

MATERIAL: Acero inoxidable 201",25
K-CAT-INS-SS-1/6-6.5CM,INSERTO 1/6 6.5CM,https://kossino.com/wp-content/uploads/2023/01/1-6-2.5p-1.jpg,,INSERTOS,INSERTOS,INSERTOS_DE_ACERO_INOXIDABLE_1/6,INSERTOS DE ACERO INOXIDABLE 1/6,"MEDIDA: 17.6 X 16.2 X 6.5CM

GROSOR: 0.7mm

PESO: 150g

CAPACIDAD: 1.0 litros

MATERIAL: Acero inoxidable 201",35
K-CAT-INS-SS-1/6-10CM,INSERTO 1/6 DE 10CM,https://kossino.com/wp-content/uploads/2023/01/1-6-4p.webp,,INSERTOS,INSERTOS,INSERTOS_DE_ACERO_INOXIDABLE_1/6,INSERTOS DE ACERO INOXIDABLE 1/6,"MEDIDA: 17.6 X 16.2 X 10CM

GROSOR: 0.7mm

PESO: 250g

CAPACIDAD: 1.5 litros

MATERIAL: Acero inoxidable 201",40
K-CAT-INS-SS-1/6-15CM,INSERTO 1/6 15CM,https://kossino.com/wp-content/uploads/2023/01/1-6-6p.webp,,INSERTOS,INSERTOS,INSERTOS_DE_ACERO_INOXIDABLE_1/6,INSERTOS DE ACERO INOXIDABLE 1/6,"MEDIDA: 17.6 X 16.2 X 15CM

GROSOR: 0.7mm

PESO: 300g

CAPACIDAD: 2.2 litros

MATERIAL: Acero inoxidable 201",55
K-CAT-INS-SS-LID-1/9,TAPADERA DE INSERTO 1/9,https://kossino.com/wp-content/uploads/2023/01/Lid-1-9.jpg,,INSERTOS,INSERTOS,INSERTOS_DE_ACERO_INOXIDABLE_1/9,INSERTOS DE ACERO INOXIDABLE 1/9,"MEDIDA: 17.6 X 10.8CM

GROSOR: 0.7mm

PESO: 66.5g

MATERIAL: Acero inoxidable 201",20
K-CAT-INS-SS-RANU-1/9,TAPA RANURADA DE 1/9,https://kossino.com/wp-content/uploads/2025/02/K-CAT-INS-SS.RANU-1-9-2.webp,,INSERTOS,INSERTOS,INSERTOS_DE_ACERO_INOXIDABLE_1/9,INSERTOS DE ACERO INOXIDABLE 1/9,"MEDIDA: 17.6×10.8cm

GROSOR: 1.0mm

MATERIAL: Acero inoxidable 201",0
K-CAT-INS-SS-1/9-6.5CM,INSERTO 1/9 6.5CM,https://kossino.com/wp-content/uploads/2023/01/1-9-2.5p-1-600x600.jpg,,INSERTOS,INSERTOS,INSERTOS_DE_ACERO_INOXIDABLE_1/9,INSERTOS DE ACERO INOXIDABLE 1/9,"MEDIDA: 17.6 X 10.8 X 6.5CM

GROSOR: 0.7mm

PESO: 150g

CAPACIDAD: 0.55 litros

MATERIAL: Acero inoxidable 201",25
K-CAT-INS-SS-1/9-10CM,INSERTO 1/9 10CM,https://kossino.com/wp-content/uploads/2023/01/1-9-4p-1.jpg,,INSERTOS,INSERTOS,INSERTOS_DE_ACERO_INOXIDABLE_1/9,INSERTOS DE ACERO INOXIDABLE 1/9,"MEDIDA: 17.6 X 10.8 X 10CM

GROSOR: 0.7mm

PESO: 150g

CAPACIDAD: 0.9 litros

MATERIAL: Acero inoxidable 201",35
K-CAT-INS-SS-1/9-15CM,INSERTO 1/9 DE 15CMS,https://kossino.com/wp-content/uploads/2024/04/1-9-15cm-600x600.jpg,,INSERTOS,INSERTOS,INSERTOS_DE_ACERO_INOXIDABLE_1/9,INSERTOS DE ACERO INOXIDABLE 1/9,"MATERIAL: Acero inoxidable 201

MEDIDAS: 16″ / 40cm",45
K-CAT-INS-PC-LID-1/1,TAPADERA PARA INSERTO 1/1,https://kossino.com/wp-content/uploads/2023/01/1-1-1-300x300.jpg,,INSERTOS,INSERTOS,INSERTOS_DE_POLICARBONATO_1/1,INSERTOS DE POLICARBONATO 1/1,"MEDIDA: 53 X 32.5CM

PESO: 550g

MATERIAL: Policarbonato",90
K-CAT-INS-PC-1/1-6.5CM,INSERTO 1/1 DE 6.5CMS,https://kossino.com/wp-content/uploads/2023/01/1-1-6cm.jpg,,INSERTOS,INSERTOS,INSERTOS_DE_POLICARBONATO_1/1,INSERTOS DE POLICARBONATO 1/1,"MEDIDA: 53 X 32.5 X 6.5CM

PESO: 750g

CAPACIDAD: 8.5 litros

MATERIAL: Policarbonato",125
K-CAT-INS-PC-1/1-10CM,INSERTO 1/1 DE 10CMS,https://kossino.com/wp-content/uploads/2023/01/1-1-4p.jpg,,INSERTOS,INSERTOS,INSERTOS_DE_POLICARBONATO_1/1,INSERTOS DE POLICARBONATO 1/1,"MEDIDA: 53 X 32.5 X 10CM

PESO: 900g

CAPACIDAD: 13 litros

MATERIAL: Policarbonato",145
K-CAT-INS-PC-1/1-15CM,INSERTO 1/1 DE 15CMS,https://kossino.com/wp-content/uploads/2023/01/1-1-6p.webp,,INSERTOS,INSERTOS,INSERTOS_DE_POLICARBONATO_1/1,INSERTOS DE POLICARBONATO 1/1,"MEDIDA: 53 X 32.5 X 15CM

PESO: 970g

CAPACIDAD: 19.5 litros

MATERIAL: Policarbonato",185
 K-CAT-INS-PC-1/1-20CM,INSERTO 1/1 DE 20CMS,https://kossino.com/wp-content/uploads/2025/04/1-1-20CM-300x300.webp,,INSERTOS,INSERTOS,INSERTOS_DE_POLICARBONATO_1/1,INSERTOS DE POLICARBONATO 1/1,"MEDIDA: 53X32.5X20cm

CAPACIDAD: 25.6 litros

MATERIAL: Policarbonato",209
K-CAT-INS-PC-LID-1/2,TAPADERA PARA INSERTO 1/2,https://kossino.com/wp-content/uploads/2023/01/1-2-1.jpg,,INSERTOS,INSERTOS,INSERTOS_DE_POLICARBONATO_1/2,INSERTOS DE POLICARBONATO 1/2,"MEDIDA: 32.5 X 26.5CM

PESO: 280g

MATERIAL: Policarbonato",45
K-CAT-INS-PC-1/2-6.5CM,INSERTO 1/2 DE 6.5CMS,https://kossino.com/wp-content/uploads/2023/01/1-2-6cm.webp,,INSERTOS,INSERTOS,INSERTOS_DE_POLICARBONATO_1/2,INSERTOS DE POLICARBONATO 1/2,"MEDIDA: 32.5 X 26.5 X 6.5CM

PESO: 390g

CAPACIDAD: 3.9 litros

MATERIAL: Policarbonato",63
K-CAT-INS-PC-1/2-10CM,INSERTO 1/2 DE 10CMS,https://kossino.com/wp-content/uploads/2023/01/1-2-10cm-600x600.webp,,INSERTOS,INSERTOS,INSERTOS_DE_POLICARBONATO_1/2,INSERTOS DE POLICARBONATO 1/2,"MEDIDA: 32.5 X 26.5 X 10CM

PESO: 500g

CAPACIDAD: 5.9 litros

MATERIAL: Policarbonato",79
K-CAT-INS-PC-1/2-15CM,INSERTO 1/2 DE 15CMS,https://kossino.com/wp-content/uploads/2023/01/1-2-15cm-600x600.webp,,INSERTOS,INSERTOS,INSERTOS_DE_POLICARBONATO_1/2,INSERTOS DE POLICARBONATO 1/2,"MEDIDA: 32.5 X 26.5 X 15CM

PESO: 600g

CAPACIDAD: 8.9 litros

MATERIAL: Policarbonato",105
K-CAT-INS-PC-LID-1/3,TAPADERA PARA INSERTO 1/3,https://kossino.com/wp-content/uploads/2023/01/1-3-1.webp,,INSERTOS,INSERTOS,INSERTOS_DE_POLICARBONATO_1/3,INSERTOS DE POLICARBONATO 1/3,"MEDIDA: 32.5 X 17.5CM

PESO: 150g

MATERIAL: Policarbonato",35
K-CAT-INS-PC-1/3-6.5CM,INSERTO 1/3 DE 6.5CM,https://kossino.com/wp-content/uploads/2023/01/1-3-10cm.webp,,INSERTOS,INSERTOS,INSERTOS_DE_POLICARBONATO_1/3,INSERTOS DE POLICARBONATO 1/3,"MEDIDA: 32.5 X 17.5 X 6.5CM

PESO: 280g

CAPACIDAD: 2.4 litros

MATERIAL: Policarbonato",52
K-CAT-INS-PC-1/3-10CM,INSERTO 1/3 DE 10CMS,https://kossino.com/wp-content/uploads/2023/01/1-3-10cm-1-600x600.webp,,INSERTOS,INSERTOS,INSERTOS_DE_POLICARBONATO_1/3,INSERTOS DE POLICARBONATO 1/3,"MEDIDA: 32.5 X 17.5 X 10CM

PESO: 370g

CAPACIDAD: 3.6 litros

MATERIAL: Policarbonato",65
K-CAT-INS-PC-1/3-15CM,INSERTO 1/3 DE 15CMS,https://kossino.com/wp-content/uploads/2023/01/1-3-15cm.jpg,,INSERTOS,INSERTOS,INSERTOS_DE_POLICARBONATO_1/3,INSERTOS DE POLICARBONATO 1/3,"MEDIDA: 32.5 X 17.5 X 15CM

PESO: 490g

CAPACIDAD: 5.3 litros

MATERIAL: Policarbonato",79
K-CAT-INS-PC-1/4-6.5CM,INSERTO 1/4 DE 6.5CMS,https://kossino.com/wp-content/uploads/2023/01/1-4-6cm-600x600.jpg,,INSERTOS,INSERTOS,INSERTOS_DE_POLICARBONATO_1/4,INSERTOS DE POLICARBONATO 1/4,"MEDIDA: 26.5 X 160 X 6.5CM

PESO: 250g

CAPACIDAD: 1.7 litros

MATERIAL: Policarbonato",32
K-CAT-INS-PC-1/4-10CM,INSERTO 1/4 DE 10CMS (AGOTADO),https://kossino.com/wp-content/uploads/2023/01/1-4-10cm-600x600.webp,,INSERTOS,INSERTOS,INSERTOS_DE_POLICARBONATO_1/4,INSERTOS DE POLICARBONATO 1/4,"MEDIDA: 26.5 X 160 X 10CM

PESO: 280g

CAPACIDAD: 2.5 litros

MATERIAL: Policarbonato",39
K-CAT-INS-PC-1/4-15CM,INSERTO 1/4 DE 15CMS,https://kossino.com/wp-content/uploads/2023/01/1-4-15cm-600x600.webp,,INSERTOS,INSERTOS,INSERTOS_DE_POLICARBONATO_1/4,INSERTOS DE POLICARBONATO 1/4,"MEDIDA: 26.5 X 160 X 15CM

PESO: 360g

CAPACIDAD: 3.7 litros

MATERIAL: Policarbonato",43
K-CAT-INS-PC-LID-1/9,TAPADERA PARA INSERTO 1/9,https://kossino.com/wp-content/uploads/2023/01/1-9-600x600.jpg,,INSERTOS,INSERTOS,INSERTOS_DE_POLICARBONATO_1/9,INSERTOS DE POLICARBONATO 1/9,"MEDIDA: 17.5 X 11.0CM

PESO: 80g

MATERIAL: Policarbonato",15
K-CAT-INS-PC-RANU-1/9,TAPADERA RANURADA PARA 1/9,https://kossino.com/wp-content/uploads/2023/12/2010132-removebg-preview.png,,INSERTOS,INSERTOS,INSERTOS_DE_POLICARBONATO_1/9,INSERTOS DE POLICARBONATO 1/9,"MEDIDAS: 17.6 X 10.8cm

MATERIAL: Policarbonato",15
K-CAT-INS-PC-1/9-6.5CM,INSERTO 1/9 DE 6.5CMS,https://kossino.com/wp-content/uploads/2023/01/1-9-6cm.webp,,INSERTOS,INSERTOS,INSERTOS_DE_POLICARBONATO_1/9,INSERTOS DE POLICARBONATO 1/9,"MEDIDA: 17.5 X 11.0 X 6.5CM

PESO: 110g

CAPACIDAD: 0.57 litros

MATERIAL: Policarbonato",19
K-CAT-INS-PC-1/9-10CM,INSERTO 1/9 DE 10CMS,https://kossino.com/wp-content/uploads/2023/01/1-9-10cm-600x600.jpg,,INSERTOS,INSERTOS,INSERTOS_DE_POLICARBONATO_1/9,INSERTOS DE POLICARBONATO 1/9,"MEDIDA: 17.5 X 11.0 X 10CM

PESO: 140g

CAPACIDAD: 0.85 litros

MATERIAL: Policarbonato",25
K-CAT-INS-PC-LID-1/4,TAPADERA PARA INSERTO 1/4,https://kossino.com/wp-content/uploads/2023/01/1-4-600x600.jpg,,INSERTOS,INSERTOS,INSERTOS_DE_POLICARBONATO_1/4,TAPADERA INSERTOS DE POLICARBONATO 1/4,"MEDIDA: 26.5 X 16CM

PESO: 100g

MATERIAL: Policarbonato",25
K-CAT-INS-PC-RANU-1/4,TAPADERA RANURADA PARA 1/4,https://kossino.com/wp-content/uploads/2023/12/2581132.jpg,,INSERTOS,INSERTOS,INSERTOS_DE_POLICARBONATO_1/4,TAPADERA INSERTOS DE POLICARBONATO 1/4,"MEDIDAS: 26.5 X 16.2cm

MATERIAL: Policarbonato",30
K-CAT-INS-PC-LID-1/6,TAPADERA PARA INSERTO 1/6,https://kossino.com/wp-content/uploads/2023/01/1-6-600x600.jpg,,INSERTOS,INSERTOS,INSERTOS_DE_POLICARBONATO_1/6,TAPADERA INSERTOS DE POLICARBONATO 1/6,"MEDIDA: 17.5 X 160CM

PESO: 100g

MATERIAL: Policarbonato",20
K-CAT-INS-PC-RANU-1/6,TAPADERA RANURADA DE 1/6,https://kossino.com/wp-content/uploads/2023/12/2037831-removebg-preview.png,,INSERTOS,INSERTOS,INSERTOS_DE_POLICARBONATO_1/6,TAPADERA INSERTOS DE POLICARBONATO 1/6,"MEDIDAS: 17.6 X 16.2cm

MATERIAL: Policarbonato",20
K-CAT-INS-PC-FLIP-1/6,TAPADERA FLIP PARA 1/6,https://kossino.com/wp-content/uploads/2023/12/61Eh1QwFqeL._AC_UF8941000_QL80_-600x551.jpg,,INSERTOS,INSERTOS,INSERTOS_DE_POLICARBONATO_1/6,TAPADERA INSERTOS DE POLICARBONATO 1/6,"MEDIDAS: 17.6 x 16.2cm

MATERIAL: Policarbonato",30
K-CAT-INS-PC-1/6-6.5CM,INSERTO 1/6 DE 6.5CMS,https://kossino.com/wp-content/uploads/2023/01/1-6-6cm-600x600.jpg,,INSERTOS,INSERTOS,INSERTOS_DE_POLICARBONATO_1/6,TAPADERA INSERTOS DE POLICARBONATO 1/6,"MEDIDA: 17.5 X 163 X 6.5CM

PESO: 150g

CAPACIDAD: 1.0 litros

MATERIAL: Policarbonato",27
K-CAT-INS-PC-1/6-10CM,INSERTO 1/6 DE 10CMS,https://kossino.com/wp-content/uploads/2023/01/1-6-4p-1-600x600.jpg,,INSERTOS,INSERTOS,INSERTOS_DE_POLICARBONATO_1/6,TAPADERA INSERTOS DE POLICARBONATO 1/6,"MEDIDA: 17.5 X 163 X 10CM

PESO: 190g

CAPACIDAD: 1.5 litros

MATERIAL: Policarbonato",33
K-CAT-INS-PC-1/6-15CM,INSERTO 1/6 DE 15CMS,https://kossino.com/wp-content/uploads/2023/01/1-6-15cm-600x600.jpg,,INSERTOS,INSERTOS,INSERTOS_DE_POLICARBONATO_1/6,TAPADERA INSERTOS DE POLICARBONATO 1/6,"MEDIDA: 17.5 X 163 X 15CM

PESO: 240g

CAPACIDAD: 2.2 litros

MATERIAL: Policarbonato",39
K-LIMP-SPRAY-AZUL,ATOMIZADOR AZUL DE 750ML,https://kossino.com/wp-content/uploads/2023/12/images-1-6.jpeg,,LIMPIEZA,LIMPIEZA,ATOMIZADORES,ATOMIZADORES,CAPACIDAD: 750ml,20
K-LIMP-SPRAY-ROJO,ATOMIZADOR ROJO DE 750ML,https://kossino.com/wp-content/uploads/2023/12/2568046-300x300.jpg,,LIMPIEZA,LIMPIEZA,ATOMIZADORES,ATOMIZADORES,CAPACIDAD: 750ml,20
 K-LIMP-TRASH-SLIM-30L,BASURERO SLIM CON TAPA DE 30L,https://kossino.com/wp-content/uploads/2025/02/51oR6WNHXL-600x600.jpg,,LIMPIEZA,LIMPIEZA,BASUREROS,BASUREROS,"CAPACIDAD: 30lt / 8 galones

MATERIAL: Plástico",125
K-LIMP-TRASH-SLIM-65L,BASURERO SLIM CON TAPA DE 65L,https://kossino.com/wp-content/uploads/2025/02/2149300.webp,,LIMPIEZA,LIMPIEZA,BASUREROS,BASUREROS,"CAPACIDAD: 65lt / 17 galones

MATERIAL: Plástico",195
K-LIMP-TRASH-SLIM-90L,BASURERO SLIM CON TAPA DE 90L,https://kossino.com/wp-content/uploads/2025/02/2149300.webp,,LIMPIEZA,LIMPIEZA,BASUREROS,BASUREROS,"CAPACIDAD: 90lt / 24 galones

MATERIAL: Plástico",225
K-LIMP-CUBETA-3QT-AMA,CUBETA AMARILLA DE 3QT,https://kossino.com/wp-content/uploads/2024/04/WhatsApp-Image-2024-04-09-at-1.28.49-PM-600x588.jpeg,,LIMPIEZA,LIMPIEZA,CUBETAS,CUBETAS,"CAPACIDAD: 3QT / 2.5L

COLOR: Amarillo

MATERIAL: Poliestireno",30
K-LIMP-CUBETA-3QT-RED,CUBETA ROJA DE 3QT,https://kossino.com/wp-content/uploads/2024/04/WhatsApp-Image-2024-04-09-at-1.28.49-PM-2-600x588.jpeg,,LIMPIEZA,LIMPIEZA,CUBETAS,CUBETAS,"CAPACIDAD: 3QT / 2.5L

COLOR: Roja

MATERIAL: Poliestireno",30
CUBETA VERDE DE 3QT,CUBETA VERDE DE 3QT,https://kossino.com/wp-content/uploads/2024/04/WhatsApp-Image-2024-04-09-at-1.28.49-PM-1-1-600x588.jpeg,,LIMPIEZA,LIMPIEZA,CUBETAS,CUBETAS,"CAPACIDAD: 3QT / 2.5L

COLOR: Verde

MATERIAL: Poliestireno",30
K-LIMP-CUBETA-32L,CUBETA CON ESCURRIDOR DE 32LT,https://kossino.com/wp-content/uploads/2023/12/2534801.jpg,,LIMPIEZA,LIMPIEZA,CUBETAS,CUBETAS,CAPACIDAD: 32lt,650
K-LIMP-MOPA-KIT,KIT DE MOPA AMARILLA,https://kossino.com/wp-content/uploads/2023/12/images.png,,LIMPIEZA,LIMPIEZA,KITS,KITS,"Palo de 1.25mts y mopa de 250g

Incluye mopa y palo",99
K-LIMP-MOPA-REP-AMA,REPUESTO PARA MOPA,https://kossino.com/wp-content/uploads/2023/12/images-7.jpeg,,LIMPIEZA,LIMPIEZA,KITS,KITS,PESO: Mopa de 250g,39
K-LIMP-ESCOBA,ESCOBA DE SERVICIO,https://kossino.com/wp-content/uploads/2023/12/RWT0515-2-LR-600x600.webp,,LIMPIEZA,LIMPIEZA,KITS,KITS,MATERIAL: Plástico,79
K-LIMP-RECOGEDOR,RECOGEDOR DE SERVICIO,https://kossino.com/wp-content/uploads/2023/12/8145_5592_large-300x300.jpg,,LIMPIEZA,LIMPIEZA,KITS,KITS,MATERIAL: Plástico,129
K-LIMP-CEPILLO-WHT,CEPILLO DE LIMPIEZA,https://kossino.com/wp-content/uploads/2024/11/51w7vL7AWL._AC_UF8941000_QL80_.jpg,,LIMPIEZA,LIMPIEZA,KITS,KITS,MEDIDAS: 14X6cm,39
K-LIMP-CEPILLO-UÑAS,CEPILLO DOBLE LADO PARA UÑAS Y MANOS,https://kossino.com/wp-content/uploads/2025/09/cepillo-para-limpieza-de-unas.webp-1.webp,,LIMPIEZA,LIMPIEZA,KITS,KITS,El cepillo doble lado para uñas y manos es ideal para mantener una higiene impecable en el uso diario.,15
K-LIMP-GABACHA-LAVADO,GABACHA DE VINILO PARA LAVAVAJILLAS,https://kossino.com/wp-content/uploads/2025/09/gabacha-de-lavado.webp-1.webp,,LIMPIEZA,LIMPIEZA,KITS,KITS,"La gabacha de vinilo para lavavajillas ofrece protección confiable contra agua, jabón y residuos durante la limpieza de utensilios. ",39
K-LIMP-SQUEEGEE-25,SQUEEGUEE DE HULE MANUAL,https://kossino.com/wp-content/uploads/2023/12/30738564_L-600x600.jpg,,LIMPIEZA,LIMPIEZA,KITS,KITS,MEDIDAS: 25cm de mango,49
K-LIMP-SQUEEGEE-55,SQUEEGEE PARA PISO DE 55CM,https://kossino.com/wp-content/uploads/2024/11/2626028.webp,,LIMPIEZA,LIMPIEZA,KITS,KITS,MEDIDAS: 140X55cm,179
K-LIMP-CADDY,CADDY DE ACCESORIOS,https://kossino.com/wp-content/uploads/2023/12/RWT0467-3-LR-600x600.webp,,LIMPIEZA,LIMPIEZA,ORGANIZADORES,ORGANIZADORES,MATERIAL: Plástico,99
K-LIMP-STAND-MOJADO,SEÑALIZADOR DE PISO MOJADOPISO MOJADO,https://kossino.com/wp-content/uploads/2023/12/535448-scaled-1-600x600.jpg,,LIMPIEZA,LIMPIEZA,SEÑALIZADOR,SEÑALIZADOR,MATERIAL: Polipropileno,75
K-LIFE-TABLE-81031,MESA COCTELERA PLEGABLE DE 33″ MARCA LIFETIME,https://kossino.com/wp-content/uploads/2025/08/81031-1.webp,,MESAS_Y_SILLAS_LIFETIME,MESAS Y SILLAS LIFETIME,MESA,MESA COCTELERA PLEGABLE DE 33″ MARCA LIFETIME,"Altura estándar de coctelera (110 cm)
Diámetro de 33 pulgadas (84 cm)
Diseño plegable
Marca Lifetime",375
K-LIFE-TABLE-80471,MESA RECTANGULAR DE 6 PIES PLEGABLE MARCA LIFETIME,https://kossino.com/wp-content/uploads/2025/02/80471-3.webp,,MESAS_Y_SILLAS_LIFETIME,MESAS Y SILLAS LIFETIME,MESA,MESA RECTANGULAR DE 6 PIES PLEGABLE MARCA LIFETIME,"DIMENSIONES: 183 x 76 x 73.5cm

Largo de 6 pies (183 cm)
Marca Lifetime
Superficie resistente
Diseño plegable
Uso en interiores y exteriores",549
K-LIFE-TABLE-80679,MESA RECTANGULAR DE 6 PIES SÓLIDA MARCA LIFETIME,https://kossino.com/wp-content/uploads/2025/02/80679-3-1.webp,,MESAS_Y_SILLAS_LIFETIME,MESAS Y SILLAS LIFETIME,MESA,MESA RECTANGULAR DE 6 PIES SÓLIDA MARCA LIFETIME,"DIMENSIONES: 183 x 76 x 73.5cm

Marca Lifetime
Superficie sólida y resistente
Uso en interiores y exteriores
Diseño robusto",499
K-LIFE-TABLE-81089,MESA RECTANGULAR DE 8 PIES SÓLIDA MARCA LIFETIME,https://kossino.com/wp-content/uploads/2025/02/81089.webp,,MESAS_Y_SILLAS_LIFETIME,MESAS Y SILLAS LIFETIME,MESA,MESA RECTANGULAR DE 8 PIES SÓLIDA MARCA LIFETIME,"DIMENSIONES: 243 x 76 x 73.5cm

Largo de 8 pies (244 cm)
Marca Lifetime
Material sólido
Uso en interiores y exteriores
Diseño práctico",750
K-LIFE-SILLA-80739,SILLA PLEGABLE MARCA LIFETIME,https://kossino.com/wp-content/uploads/2025/01/80739-1-1-600x600.jpg,,MESAS_Y_SILLAS_LIFETIME,MESAS Y SILLAS LIFETIME,SILLA,SILLA PLEGABLE MARCA LIFETIME,"PESO: 9.2lb
DIMENSIONES: 55.5 x 48.6 x 83.7cm

Diseño plegable y ligero
Marca Lifetime
Estructura de acero resistente
Asiento y respaldo de polietileno",275
K-LIFE-TABLE-81003,TABLERO REDONDO DE 60″ MARCA LIFETIME,https://kossino.com/wp-content/uploads/2025/02/81003-4.webp,,MESAS_Y_SILLAS_LIFETIME,MESAS Y SILLAS LIFETIME,MESA,TABLERO REDONDO DE 60″ MARCA LIFETIME,"DIMENSIONES: 152.4 x 73.7cm

Marca Lifetime
Material resistente
Uso en interiores y exteriores
Diseño práctico",999
K-VAJ-BAJAPLATO-W02,BAJA PLATOS PLASTICO BLANCO CLASICO DE 33 CM,https://kossino.com/wp-content/uploads/2025/09/BAJA-PLATO-PLASTICO-BLANCO-CLASICO-DE-33CM.webp,,SOBREMESA,SOBREMESA,BAJA_PLATOS,BAJA PLATOS,"Diámetro de 33 cm
Material plástico resistente",25
K-VAJ-BAJAPLATO-W04,BAJA PLATOS PLASTICO BLANCO ELEGANTE DE 33 CM,https://kossino.com/wp-content/uploads/2025/09/BAJA_PLATO_PLASTICO_BLANCO_ELEGANTE_DE_33CM_1-removebg-preview.webp,,SOBREMESA,SOBREMESA,BAJA_PLATOS,BAJA PLATOS,"Diámetro de 33 cm
Material plástico resistente",25
K-VAJ-BAJAPLATO-W03,BAJA PLATOS PLASTICO BLANCO FLORAL DE 33 CM,https://kossino.com/wp-content/uploads/2025/09/BAJA-PLATO-PLASTICO-BLANCO-FLORAL-DE-33CM-600x600.webp,,SOBREMESA,SOBREMESA,BAJA_PLATOS,BAJA PLATOS,"Diámetro de 33 cm
Material plástico resistente",25
K-VAJ-BAJAPLATO-W01,BAJA PLATOS PLASTICO BLANCO VINTAGE DE 33 CM,https://kossino.com/wp-content/uploads/2025/09/WhatsApp_Image_2025-10-06_at_8.49.19_AM-removebg-preview.webp,,SOBREMESA,SOBREMESA,BAJA_PLATOS,BAJA PLATOS,"Diámetro de 33 cm
Material plástico resistente",25
K-VAJ-BAJAPLATO-C01,BAJA PLATOS PLASTICO CAFE CAMPESTRE DE 33 CM,https://kossino.com/wp-content/uploads/2025/09/WhatsApp_Image_2025-09-24_at_9.11.02_AM-removebg-preview.png,,SOBREMESA,SOBREMESA,BAJA_PLATOS,BAJA PLATOS,"Diámetro de 33 cm
Material plástico resistente",25
K-VAJ-BAJAPLATO-G42/2,BAJA PLATOS PLASTICO VERDE COLONIAL DE 33 CM,https://kossino.com/wp-content/uploads/2025/09/WhatsApp_Image_2025-09-24_at_9.09.48_AM-removebg-preview.webp,,SOBREMESA,SOBREMESA,BAJA_PLATOS,BAJA PLATOS,"Diámetro de 33 cm
Material plástico resistente",25
 K-VAJ-BAJAPLATO-N02,BAJA PLATOS PLASTICO DORADO NATIVIDAD DE 33 CM,https://kossino.com/wp-content/uploads/2025/09/WhatsApp_Image_2025-09-24_at_9.09.47_AM__1_-removebg-preview.webp,,SOBREMESA,SOBREMESA,BAJA_PLATOS,BAJA PLATOS,"Diámetro de 33 cm
Material plástico resistente",25
K-VAJ-BAJAPLATO-N03,BAJA PLATOS PLASTICO ROJO NATIVIDAD DE 33 CM,https://kossino.com/wp-content/uploads/2025/09/WhatsApp_Image_2025-09-24_at_9.18.55_AM-removebg-preview.webp,,SOBREMESA,SOBREMESA,BAJA_PLATOS,BAJA PLATOS,"Diámetro de 33 cm
Material plástico resistente",25
K-VAJ-BAJAPLATO-N01,BAJA PLATOS PLASTICO PLATEADO NATIVIDAD DE 33 CM,https://kossino.com/wp-content/uploads/2025/09/WhatsApp_Image_2025-09-24_at_9.18.56_AM-removebg-preview.webp,,SOBREMESA,SOBREMESA,BAJA_PLATOS,BAJA PLATOS,"Diámetro de 33 cm
Material plástico resistente",25
K-VAJ-BAJAPLATO-F18,BAJA PLATOS PLASTICO TRANSPARENTE PUNTOS DORADOS DE 33 CM,https://kossino.com/wp-content/uploads/2025/09/baja-plato-transparente-puntos-dorados.webp,,SOBREMESA,SOBREMESA,BAJA_PLATOS,BAJA PLATOS,"Diámetro de 33 cm
Material plástico resistente",25
K-VAJ-BAJAPLATO-F54/2,BAJA PLATOS PLASTICO DORADO SOL DE 33 CM,https://kossino.com/wp-content/uploads/2025/09/02_105935797_SI_11-removebg-preview.webp,,SOBREMESA,SOBREMESA,BAJA_PLATOS,BAJA PLATOS,"Diámetro de 33 cm
Material plástico resistente",25
K-VAJ-BAJAPLATO-B01,BAJA PLATOS PLASTICO NEGRO ELEGANTE DE 33 CM,https://kossino.com/wp-content/uploads/2025/09/WhatsApp_Image_2025-09-24_at_9.09.47_AM-removebg-preview.webp,,SOBREMESA,SOBREMESA,BAJA_PLATOS,BAJA PLATOS,"Diámetro de 33 cm
Material plástico resistente",25
K-VAJ-BAJAPLATO-G41,BAJA PLATOS PLASTICO PLATEADO LUNAR DE 33 CM,https://kossino.com/wp-content/uploads/2025/09/BAJA-PLATO-PLASTICO-PLATEADO-LUNAR-DE-33CM.webp,,SOBREMESA,SOBREMESA,BAJA_PLATOS,BAJA PLATOS,"Diámetro de 33 cm
Material plástico resistente",25
K-BAR-MIXER-2L-VERDE,BOTELLA MIXER VERDE DE 2L,https://kossino.com/wp-content/uploads/2024/11/RWT0496G-1-LR-600x600.webp,,BAR,BAR,ACCESORIOS_PARA_BARRA,ACCESORIOS PARA BARRA,"ALTURA: 35CM

CAPACIDAD: 2.0 litros

MATERIAL: Plastico y poliestireno",45
K-BAR-MIXER-2.5L-AMA,BOTELLA MIXER AMARILLA DE 2.5L,https://kossino.com/wp-content/uploads/2023/01/RWT0497Y-1-LR-600x600.webp,,BAR,BAR,ACCESORIOS_PARA_BARRA,ACCESORIOS PARA BARRA,"ALTURA: 38CM

CAPACIDAD: 2.0 litros

MATERIAL: Plastico y poliestireno",49
K-BAR-MIXER-2.5L-NAR,BOTELLA MIXER NARANJA DE 2.5L,https://kossino.com/wp-content/uploads/2024/11/RWT0497T-1-LR-600x600.webp,,BAR,BAR,ACCESORIOS_PARA_BARRA,ACCESORIOS PARA BARRA,"ALTURA: 38CM

CAPACIDAD: 2.0 litros

MATERIAL: Plastico y poliestireno",49
K-BAR-MIXER-2.5L-ROJO,BOTELLA MIXER ROJA DE 2.5L,https://kossino.com/wp-content/uploads/2024/11/RWT0497R-1-LR-600x600.webp,,BAR,BAR,ACCESORIOS_PARA_BARRA,ACCESORIOS PARA BARRA,"ALTURA: 38CM

CAPACIDAD: 2.0 litros

MATERIAL: Plastico y poliestireno",49
K-BAR-MIXER-2.5L-VERDE,BOTELLA MIXER VERDE DE 2.5L,https://kossino.com/wp-content/uploads/2024/11/RWT0497G-1-LR-600x600.webp,,BAR,BAR,ACCESORIOS_PARA_BARRA,ACCESORIOS PARA BARRA,"ALTURA: 38CM

CAPACIDAD: 2.0 litros

MATERIAL: Plastico y poliestireno",49
K-DISPEN-TEA-POR-750,TETERA DE PORCELANA DE 24OZ,https://kossino.com/wp-content/uploads/2024/04/DSCF6394.webp,,DISPENSADORES,DISPENSADORES,CAFETERAS_Y_TETERAS,CAFETERAS Y TETERAS,"CAPACIDAD: 24oz / 750ml

MATERIAL: Porcelana",79
K-DISPEN-TEA-SS-12OZ,TETERA DE ACERO INOX. DE 12OZ,https://kossino.com/wp-content/uploads/2024/01/1.5L-48.0fl-oz-Stainless-Steel-Tea-Pot-M11057-600x600-1.jpg,,DISPENSADORES,DISPENSADORES,CAFETERAS_Y_TETERAS,CAFETERAS Y TETERAS,"CAPACIDAD: 12oz

MATERIAL: Acero inoxidable 201",55
K-DISPEN-TEA-SS-20OZ,TETERA DE ACERO INOX. DE 20OZ,https://kossino.com/wp-content/uploads/2024/01/1.5L-48.0fl-oz-Stainless-Steel-Tea-Pot-M11057-600x600-1.jpg,,DISPENSADORES,DISPENSADORES,CAFETERAS_Y_TETERAS,CAFETERAS Y TETERAS,"CAPACIDAD: 20oz

MATERIAL: Acero inoxidable 201",69
K-DISPEN-TEA-VID-1050,TETERA DE VIDRIO DE 1.05LTS (AGOTADO),https://kossino.com/wp-content/uploads/2024/01/thermo-glass-tea-pot-32-fl-oz-high-temperature-and-shock-resistant-by-wilmax-porcelain-907633-600x600.jpg,,DISPENSADORES,DISPENSADORES,CAFETERAS_Y_TETERAS,CAFETERAS Y TETERAS,"CAPACIDAD: 1.05 litros

MATERIAL: Borosilicato",69
K-DISPEN-TEA-VID-1900,TETERA DE VIDRIO DE 1.9LTS,https://kossino.com/wp-content/uploads/2024/01/teakettle1200_95c60408-08cb-4d90-981b-e8edbaa5c1ad_1200x1200_crop_center-600x600.webp,,DISPENSADORES,DISPENSADORES,CAFETERAS_Y_TETERAS,CAFETERAS Y TETERAS,"CAPACIDAD: 1.05 litros

MATERIAL: Borosilicato",89
K-VAJ-ALTER-SALAD-7,BOWL PLANO 7″ LÍNEA ALTER,https://kossino.com/wp-content/uploads/2025/09/ae3534b3b6b05dd7970490384ab3f036-600x600.webp,,SOBREMESA,SOBREMESA,VAJILLA_ALTER,VAJILLA ALTER,"MATERIAL: Porcelana

MEDIDAS: 7″ / 17.75cm",45
K-VAJ-ALTER-SALAD-9,BOWL PLANO 9″ LÍNEA ALTER,https://kossino.com/wp-content/uploads/2025/09/ae3534b3b6b05dd7970490384ab3f036.webp,,SOBREMESA,SOBREMESA,VAJILLA_ALTER,VAJILLA ALTER,"MATERIAL: Porcelana

MEDIDAS: 9″ / 22.8cm",59
K-VAJ-ALTER-SLOP-8,BOWL INCLINADO 8″ LÍNEA ALTER,https://kossino.com/wp-content/uploads/2025/09/8_inch_Low_Sloping_Bowl-removebg-preview.webp,,SOBREMESA,SOBREMESA,VAJILLA_ALTER,VAJILLA ALTER,"MATERIAL: Porcelana

MEDIDAS: 8″ / 20.3cm",59
K-VAJ-ALTER-PLANO-7.5,PLATO PLANO 7.5″ LÍNEA ALTER,https://kossino.com/wp-content/uploads/2025/09/Round_plate_Detailed_photo_.2-removebg-preview.webp,,SOBREMESA,SOBREMESA,VAJILLA_ALTER,VAJILLA ALTER,"MATERIAL: Porcelana

MEDIDAS: 7.5″ / 19cm",39
K-VAJ-ALTER-PLANO-10,PLATO PLANO 10″ LÍNEA ALTER,https://kossino.com/wp-content/uploads/2025/09/Round_plate_Detailed_photo_.2-removebg-preview.webp,,SOBREMESA,SOBREMESA,VAJILLA_ALTER,VAJILLA ALTER,"MATERIAL: Porcelana

MEDIDAS: 10″ / 25cm",59
K-VAJ-ALTER-PASTA-11,PLATO TIPO SOMBRERO 11″ LÍNEA ALTER,https://kossino.com/wp-content/uploads/2025/05/2531424.webp,,SOBREMESA,SOBREMESA,VAJILLA_ALTER,VAJILLA ALTER,"MATERIAL: Porcelana

MEDIDAS: 11″ / 28cm",79
K-VAJ-ALTER-SAL/PIM-3,SALERO/PIMENTERO DE PORCELANA (3 ORIFICIOS) LÍNEA ALTER,https://kossino.com/wp-content/uploads/2025/09/Three_Hole_Salt___Pepper_Shaker-removebg-preview.webp,,SOBREMESA,SOBREMESA,VAJILLA_ALTER,VAJILLA ALTER,MATERIAL: Porcelana,19
K-VAJ-ALTER-SAL/PIM-5,SALERO/PIMENTERO DE PORCELANA (5 ORIFICIOS) LÍNEA ALTER,https://kossino.com/wp-content/uploads/2025/09/Five-hole_salt_and_pepper_shakers.2-removebg-preview.webp,,SOBREMESA,SOBREMESA,VAJILLA_ALTER,VAJILLA ALTER,MATERIAL: Porcelana,20
K-PIZZA-TRAY-MESA,STAND DE PIZZA PARA COLOCAR EN MESA,https://kossino.com/wp-content/uploads/2024/01/1624652.jpg,https://kossino.com/wp-content/uploads/2024/01/1624652.jpg | https://kossino.com/wp-content/uploads/2024/01/1620605.jpg,UTENSILIOS,UTENSILIOS,PIZZA_Y_PASTA,PIZZA Y PASTA,"MATERIAL: Acero inoxidable

MEDIDAS: 9 X 8 X 7plg",55
K-UTEN-PASTA-BASKET,CANASTA COLADOR PARA PASTA,https://kossino.com/wp-content/uploads/2024/11/2150749.webp,https://kossino.com/wp-content/uploads/2024/11/2150749.webp | https://kossino.com/wp-content/uploads/2024/11/2151958.jpg,UTENSILIOS,UTENSILIOS,PIZZA_Y_PASTA,PIZZA Y PASTA,"MATERIAL: Acero inox. 304

MEDIDAS: 5.25″X7″",129
 K-PIZZA-TRAY-10,BANDEJA DE ALUMINIO PARA PIZZA DE 10″,https://kossino.com/wp-content/uploads/2023/12/2277318.jpg,https://kossino.com/wp-content/uploads/2023/12/2277318.jpg | https://kossino.com/wp-content/uploads/2023/12/2227337.jpg | https://kossino.com/wp-content/uploads/2023/12/2318112.jpg,UTENSILIOS,UTENSILIOS,PIZZA_Y_PASTA,PIZZA Y PASTA,"MEDIDAS: 10″ / 25.4cm

GROSOR: 1.0mm

MATERIAL: Aluminio",27.5
K-PIZZA-TRAY-12,BANDEJA DE ALUMINIO PARA PIZZA DE 12″,https://kossino.com/wp-content/uploads/2023/12/2277318.jpg,https://kossino.com/wp-content/uploads/2023/12/2277318.jpg | https://kossino.com/wp-content/uploads/2023/12/2227337.jpg | https://kossino.com/wp-content/uploads/2023/12/2318112.jpg,UTENSILIOS,UTENSILIOS,PIZZA_Y_PASTA,PIZZA Y PASTA,"MEDIDAS: 12″ / 30.5cm

GROSOR: 1.0mm

MATERIAL: Aluminio",37.5
K-PIZZA-TRAY-14,BANDEJA DE ALUMINIO PARA PIZZA DE 14″,https://kossino.com/wp-content/uploads/2023/12/2277318.jpg,https://kossino.com/wp-content/uploads/2023/12/2277318.jpg | https://kossino.com/wp-content/uploads/2023/12/2227337.jpg | https://kossino.com/wp-content/uploads/2023/12/2318112.jpg,UTENSILIOS,UTENSILIOS,PIZZA_Y_PASTA,PIZZA Y PASTA,"MEDIDAS: 14″ / 35.5cm

GROSOR: 1.0mm

MATERIAL: Aluminio",47.5
K-PIZZA-TRAY-16,BANDEJA DE ALUMINIO PARA PIZZA DE 16″,https://kossino.com/wp-content/uploads/2023/12/2277318.jpg,https://kossino.com/wp-content/uploads/2023/12/2277318.jpg | https://kossino.com/wp-content/uploads/2023/12/2227337.jpg | https://kossino.com/wp-content/uploads/2023/12/2318112.jpg,UTENSILIOS,UTENSILIOS,PIZZA_Y_PASTA,PIZZA Y PASTA,"MEDIDAS: 16″ / 40.6cm

GROSOR: 1.0mm

MATERIAL: Aluminio",54.5
K-PIZZA-MESH-10,MESH SCREEN PARA PIZZA DE 10″,https://kossino.com/wp-content/uploads/2023/12/2226574.jpg,https://kossino.com/wp-content/uploads/2023/12/2226574.jpg | https://kossino.com/wp-content/uploads/2023/12/2226352.jpg | https://kossino.com/wp-content/uploads/2023/12/2346517.jpg,UTENSILIOS,UTENSILIOS,PIZZA_Y_PASTA,PIZZA Y PASTA,"MEDIDAS: 10″ / 25.4cm

GROSOR: 3.5mm

MATERIAL: Aluminio",24.5
 K-PIZZA-MESH-12,MESH SCREEN PARA PIZZA DE 12″,https://kossino.com/wp-content/uploads/2023/12/2226574.jpg,https://kossino.com/wp-content/uploads/2023/12/2226574.jpg | https://kossino.com/wp-content/uploads/2023/12/2226352.jpg | https://kossino.com/wp-content/uploads/2023/12/2346517.jpg,UTENSILIOS,UTENSILIOS,PIZZA_Y_PASTA,PIZZA Y PASTA,"MEDIDAS: 12″ / 30.5cm

GROSOR: 3.5mm

MATERIAL: Aluminio",29.5
K-PIZZA-MESH-14,MESH SCREEN PARA PIZZA DE 14″,https://kossino.com/wp-content/uploads/2023/12/2226574.jpg,https://kossino.com/wp-content/uploads/2023/12/2226574.jpg | https://kossino.com/wp-content/uploads/2023/12/2226352.jpg | https://kossino.com/wp-content/uploads/2023/12/2346517.jpg,UTENSILIOS,UTENSILIOS,PIZZA_Y_PASTA,PIZZA Y PASTA,"MEDIDAS: 14″ / 35.5cm

GROSOR: 3.5mm

MATERIAL: Aluminio",39.5
K-PIZZA-MESH-16,MESH SCREEN PARA PIZZA DE 16″,https://kossino.com/wp-content/uploads/2023/12/2226574.jpg,https://kossino.com/wp-content/uploads/2023/12/2226574.jpg | https://kossino.com/wp-content/uploads/2023/12/2226352.jpg | https://kossino.com/wp-content/uploads/2023/12/2346517.jpg,UTENSILIOS,UTENSILIOS,PIZZA_Y_PASTA,PIZZA Y PASTA,"MEDIDAS: 16″ / 40.6cm

GROSOR: 3.5mm

MATERIAL: Aluminio",44.5
K-UTEN-PALETA-DLX-24,PALETA DE ACERO DE 24″ DE LARGO,https://kossino.com/wp-content/uploads/2024/04/2304359.webp,https://kossino.com/wp-content/uploads/2024/04/2304359.webp | https://kossino.com/wp-content/uploads/2024/04/2304204.jpg,UTENSILIOS,UTENSILIOS,PIZZA_Y_PASTA,PIZZA Y PASTA,"MATERIAL: Acero inoxidable 201

MEDIDAS: 24plg de largo",129
K-UTEN-PALETA-DLX-36,PALETA DE ACERO DE 36″ DE LARGO,https://kossino.com/wp-content/uploads/2024/04/2354201.jpg,https://kossino.com/wp-content/uploads/2024/04/2354201.jpg | https://kossino.com/wp-content/uploads/2024/04/2344781.webp,UTENSILIOS,UTENSILIOS,PIZZA_Y_PASTA,PIZZA Y PASTA,"MATERIAL: Acero inoxidable 201

MEDIDAS: 36plg de largo",149
K-UTEN-PALETA-DLX-48,PALETA DE ACERO DE 48″ DE LARGO,https://kossino.com/wp-content/uploads/2024/04/2354201.jpg,https://kossino.com/wp-content/uploads/2024/04/2354201.jpg | https://kossino.com/wp-content/uploads/2024/04/2344781.webp,UTENSILIOS,UTENSILIOS,PIZZA_Y_PASTA,PIZZA Y PASTA,"MATERIAL: Acero inoxidable 201

MEDIDAS: 48plg de largo",205
K-PIZZA-PALA-71,PALA DE ALUMINIO PARA PIZZAS 71 CM – MANGO DE MADERA,https://kossino.com/wp-content/uploads/2023/12/2447737.jpg,https://kossino.com/wp-content/uploads/2023/12/2447737.jpg | https://kossino.com/wp-content/uploads/2023/12/2445268.jpg,UTENSILIOS,UTENSILIOS,PIZZA_Y_PASTA,PIZZA Y PASTA,"MEDIDAS: 30 X 40 X 71cm

MATERIAL: Aluminio y madera",129
K-PIZZA-PALA-96,PALA DE ALUMINIO PARA PIZZAS 96 CM – MANGO DE MADERA,https://kossino.com/wp-content/uploads/2023/12/2447737.jpg,https://kossino.com/wp-content/uploads/2023/12/2447737.jpg | https://kossino.com/wp-content/uploads/2023/12/2445268.jpg,UTENSILIOS,UTENSILIOS,PIZZA_Y_PASTA,PIZZA Y PASTA,"MEDIDAS: 30 X 40 X 96cm

MATERIAL: Aluminio y madera",159
K-PIZZA-AGUJAS,RODILLO DE AGUJAS PARA MASA,https://kossino.com/wp-content/uploads/2023/12/2004989.jpg,https://kossino.com/wp-content/uploads/2023/12/2004989.jpg | https://kossino.com/wp-content/uploads/2023/12/1987930-removebg-preview.png,UTENSILIOS,UTENSILIOS,PIZZA_Y_PASTA,PIZZA Y PASTA,"MEDIDAS: 12 X 20.5cm

MATERIAL: Plástico",49
K-PIZZA-CORTE-LUNA-53,CORTADOR DE PIZZA DE MEDIA LUNA 55CM – ACERO INOXIDABLE,https://kossino.com/wp-content/uploads/2024/11/images-1.jpeg,https://kossino.com/wp-content/uploads/2024/11/images-1.jpeg | https://kossino.com/wp-content/uploads/2024/11/PKD-550x550w.jpg,UTENSILIOS,UTENSILIOS,PIZZA_Y_PASTA,PIZZA Y PASTA,MEDIDAS: 55cm,199
K-PIZZA-CORTE-4PLG,CORTADOR DE PIZZA DE 4PLG,https://kossino.com/wp-content/uploads/2023/09/2204603.webp,https://kossino.com/wp-content/uploads/2023/09/2204603.webp | ,UTENSILIOS,UTENSILIOS,PIZZA_Y_PASTA,PIZZA Y PASTA,"MEDIDAS: 4.5 pulgadas de diametro

MATERIAL: Mango de plástico negro",34
K-PIZZA-PIEDRA-12X15,Piedra para horneado de pizzas de 12×15″,https://kossino.com/wp-content/uploads/2023/12/2308367.jpg,https://kossino.com/wp-content/uploads/2023/12/2308367.jpg | https://kossino.com/wp-content/uploads/2023/12/2225156.jpg | https://kossino.com/wp-content/uploads/2023/12/2223753.jpg,UTENSILIOS,UTENSILIOS,PIZZA_Y_PASTA,PIZZA Y PASTA,"MEDIDAS: 12 x 15″

MATERIAL: Cordierita",184
K-PIZZA-TRAY-RACK-15,Rack/Organizador de 15 bandejas de pizza,https://kossino.com/wp-content/uploads/2023/12/2460465.jpg,https://kossino.com/wp-content/uploads/2023/12/2460465.jpg | https://kossino.com/wp-content/uploads/2023/12/2448896.jpg,UTENSILIOS,UTENSILIOS,PIZZA_Y_PASTA,PIZZA Y PASTA,"MEDIDAS: 25 X 30 X 71cm

MATERIAL: Acero inoxidable",499
K-CONT-CUBO-2QT,CUBO DE 2QT (1.5 LITROS),https://kossino.com/wp-content/uploads/2023/06/2133932-fotor-bg-remover-20241107155722.png,https://kossino.com/wp-content/uploads/2023/06/2133932-fotor-bg-remover-20241107155722.png | https://kossino.com/wp-content/uploads/2023/06/2QT-1.jpg | https://kossino.com/wp-content/uploads/2023/06/1897145.jpg,CONTENEDORES,CONTENEDORES,CUBOS/TUPERS,CUBOS/TUPERS,"MEDIDAS: 18 X 18 X 10cms

CAPACIDAD: 2 quartos / 1.5 litros

MATERIAL: Policarbonato

TAPA: Tapa verde",60
K-CONT-CUBO-4QT,CUBO DE 4QT (3.5 LITROS),https://kossino.com/wp-content/uploads/2023/06/2133473-fotor-bg-remover-20241107155856.png,https://kossino.com/wp-content/uploads/2023/06/2133473-fotor-bg-remover-20241107155856.png | https://kossino.com/wp-content/uploads/2023/06/4QT-1.jpg | https://kossino.com/wp-content/uploads/2023/06/1897145.jpg | https://kossino.com/wp-content/uploads/2023/06/2QT-4QT-1.jpg,CONTENEDORES,CONTENEDORES,CUBOS/TUPERS,CUBOS/TUPERS,"MEDIDAS: 18.2 X 18.2 X 19 cms

CAPACIDAD: 4 quartos / 3.5 litros

MATERIAL: Policarbonato

TAPA: Tapa verde",80
K-CONT-CUBO-6QT,CUBO DE 6QT  (5.5 LITROS),https://kossino.com/wp-content/uploads/2023/06/2135139-fotor-bg-remover-2024110716034.png,https://kossino.com/wp-content/uploads/2023/06/2135139-fotor-bg-remover-2024110716034.png | https://kossino.com/wp-content/uploads/2023/06/6QT-1.jpg | https://kossino.com/wp-content/uploads/2023/06/1897406.jpg,CONTENEDORES,CONTENEDORES,CUBOS/TUPERS,CUBOS/TUPERS,"MEDIDAS: 22.5 X 22.5 X 19 cms

CAPACIDAD: 6 quartos / 5.5 litros

MATERIAL: Policarbonato

TAPA: Tapa roja",120
K-CONT-CUBO-7.5QT,CUBO DE 7.5QT  (7 LITROS),https://kossino.com/wp-content/uploads/2023/06/2134768-fotor-bg-remover-2024110716235.png,https://kossino.com/wp-content/uploads/2023/06/2134768-fotor-bg-remover-2024110716235.png | https://kossino.com/wp-content/uploads/2023/06/1896905.jpg | https://kossino.com/wp-content/uploads/2023/06/1897406.jpg,CONTENEDORES,CONTENEDORES,CUBOS/TUPERS,CUBOS/TUPERS,"MEDIDAS: 22.5 X 22.5 X 23 cms

CAPACIDAD: 7.5 quartos / 7 litros

MATERIAL: Policarbonato

TAPA: Tapa roja",140
K-CONT-CUBO-12QT,CUBO DE 12QT (10 LITROS),https://kossino.com/wp-content/uploads/2023/06/2134167-fotor-bg-remover-2024110716431.png,https://kossino.com/wp-content/uploads/2023/06/2134167-fotor-bg-remover-2024110716431.png | https://kossino.com/wp-content/uploads/2023/06/12QT-1.jpg | https://kossino.com/wp-content/uploads/2023/06/1897411.jpg,CONTENEDORES,CONTENEDORES,CUBOS/TUPERS,CUBOS/TUPERS,"MEDIDAS: 28.5 X 28.5 X 21 cms

CAPACIDAD: 12 quartos / 10 litros

MATERIAL: Policarbonato

TAPA: Tapa azul",200
